,num_rooms,num_people,housearea,is_ac,is_tv,is_flat,ave_monthly_income,num_children,is_urban,amount_paid
0,3,3,742.57,Yes,Yes,Flat,9675.93,2,Rural,1681.4443407
1,1,5,952.99,No,Yes,Not Flat,35064.79,1,Urban,1899.8510358
2,3,1,761.44,Yes,Yes,Flat,22292.44,0,Rural,1535.6374704
3,0,5,861.32,Yes,Yes,Not Flat,12139.08,0,Rural,998.9761059
4,1,8,731.61,No,Yes,Not Flat,17230.1,2,Urban,1974.856875
5,0,5,837.24,No,Yes,Flat,24661.81,2,Urban,2379.7270368
6,4,5,679.04,No,Yes,Not Flat,28184.43,1,Urban,1711.1485353000003
7,3,4,1044.65,No,No,Flat,16912.69,2,Urban,1756.2155991
8,2,4,713.9,Yes,No,Not Flat,26058.28,0,Urban,1959.6026054999998
9,1,6,734.43,No,No,Not Flat,22545.5,2,Urban,1818.045414
10,2,6,742.69,No,Yes,Not Flat,15670.76,0,Rural,668.2036248
11,1,6,924.04,Yes,Yes,Not Flat,22527.33,0,Urban,1818.5519289000001
12,0,3,776.62,No,Yes,Not Flat,32341.3,0,Urban,1584.8353422
13,2,4,990.59,No,Yes,Flat,13084.35,0,Urban,1867.1457522
14,2,7,870.61,No,Yes,Not Flat,31430.75,1,Urban,2269.9550877
15,1,5,747.02,No,Yes,Not Flat,28595.98,0,Urban,1413.3853101
16,3,5,699.01,No,No,Flat,44997.0,3,Rural,1376.5286382
17,2,8,932.84,Yes,Yes,Not Flat,30009.93,1,Urban,2454.3805941
18,4,4,573.69,No,Yes,Not Flat,32902.39,1,Rural,1066.3030038
19,3,1,901.33,No,Yes,Flat,27090.16,2,Urban,2123.8980813
20,1,6,902.07,Yes,Yes,Not Flat,11306.32,1,Rural,1750.6299731999998
21,3,4,686.59,No,Yes,Flat,36352.99,1,Urban,1738.9755534
22,1,4,860.28,No,No,Not Flat,7792.07,0,Urban,1589.0501756999997
23,1,7,859.83,No,Yes,Flat,42003.43,1,Urban,2291.7333951
24,2,6,773.65,No,Yes,Not Flat,30764.16,2,Urban,2085.1106061
25,2,7,808.93,No,Yes,Flat,26083.57,1,Urban,1816.8233460000001
26,3,2,890.69,Yes,Yes,Flat,17349.88,4,Urban,2983.9697325
27,1,1,765.32,No,Yes,Flat,8315.34,0,Urban,1607.1032355
28,1,2,657.97,Yes,Yes,Not Flat,28148.91,1,Urban,2134.0361199
29,2,7,816.77,No,Yes,Flat,16817.74,1,Urban,2110.2284415
30,3,5,988.62,No,Yes,Not Flat,30021.55,3,Urban,2193.6455397
31,1,4,733.55,No,Yes,Flat,14935.76,2,Urban,2238.2992806
32,3,6,682.75,No,Yes,Flat,14898.26,1,Urban,1804.2060426000003
33,0,9,1009.31,Yes,Yes,Not Flat,26697.92,2,Rural,2146.7215386000003
34,2,7,764.79,Yes,Yes,Flat,26101.9,0,Urban,2346.421563
35,2,6,643.52,No,Yes,Not Flat,5829.41,1,Urban,1603.0927649999999
36,2,5,554.38,No,No,Flat,28399.11,0,Rural,937.7238264
37,3,5,823.05,No,Yes,Not Flat,32656.32,0,Urban,1835.6434470000002
38,1,4,640.25,No,Yes,Not Flat,20463.3,0,Urban,1657.0436280000001
39,4,5,689.76,Yes,No,Not Flat,26291.15,0,Rural,1048.8081846
40,2,5,813.69,No,Yes,Flat,23541.2,1,Urban,1837.792281
41,1,3,821.69,Yes,Yes,Not Flat,16745.65,1,Urban,2211.3925251
42,3,3,664.68,Yes,No,Flat,32740.89,2,Urban,2620.9995963
43,2,3,1054.58,Yes,Yes,Flat,21255.23,0,Urban,2088.9670641000002
44,2,0,1042.81,No,No,Flat,39314.16,0,Rural,716.7005727000001
45,3,5,929.46,No,Yes,Flat,16106.32,1,Urban,1776.2602011
46,1,4,673.08,Yes,No,Flat,14214.36,2,Rural,1974.2182515
47,1,5,713.62,No,Yes,Flat,36298.72,1,Urban,2082.5551326
48,2,5,704.72,Yes,Yes,Flat,31749.91,2,Urban,2778.6562569
49,1,4,794.74,No,No,Not Flat,6364.43,1,Urban,1868.6672672999998
50,2,4,829.78,Yes,Yes,Flat,19835.2,2,Urban,3032.814174
51,1,4,953.19,Yes,Yes,Flat,39489.23,1,Urban,2446.8407610000004
52,1,5,585.55,No,No,Flat,20797.91,3,Rural,1695.6064677
53,5,6,633.97,Yes,No,Flat,28202.39,0,Rural,1342.589916
54,3,5,820.54,No,Yes,Not Flat,22586.51,0,Urban,1739.434914
55,3,3,750.39,No,Yes,Not Flat,18681.58,3,Rural,1694.5535442
56,2,2,672.37,Yes,Yes,Flat,19403.1,1,Urban,2410.0852632
57,2,4,685.43,No,Yes,Not Flat,34816.79,0,Urban,1361.8460868
58,3,2,662.29,No,Yes,Not Flat,36722.54,2,Rural,1284.0365055
59,1,6,725.53,No,Yes,Not Flat,25109.88,3,Rural,1679.2282761
60,1,0,878.69,No,Yes,Flat,15569.46,2,Urban,2464.9325754
61,3,7,898.5,Yes,Yes,Not Flat,36884.89,2,Urban,2930.4577557000002
62,3,7,893.27,No,Yes,Not Flat,16860.46,1,Urban,2077.2819291
63,3,7,533.3,No,Yes,Flat,27626.36,0,Urban,1972.1815203
64,1,8,518.49,Yes,Yes,Not Flat,30763.52,0,Urban,2028.3572448
65,3,7,794.89,Yes,Yes,Not Flat,35189.49,2,Rural,2012.4581748
66,2,8,711.53,No,No,Not Flat,37215.47,1,Rural,922.747533
67,2,6,1010.55,No,Yes,Not Flat,27689.47,1,Rural,1321.6970643
68,4,4,845.12,No,Yes,Not Flat,12264.5,1,Urban,1693.9666559999998
69,1,7,714.65,Yes,Yes,Not Flat,24488.96,1,Rural,1701.8300313
70,1,5,704.64,No,Yes,Flat,31282.86,0,Urban,1879.3519602
71,2,2,690.69,No,Yes,Flat,14905.48,0,Urban,1994.7220167
72,1,2,704.75,No,Yes,Flat,46993.0,0,Rural,1171.7958840000001
73,2,4,873.04,Yes,Yes,Not Flat,22599.47,1,Rural,1576.6981752
74,1,4,862.83,No,Yes,Flat,14622.24,2,Urban,1964.9908133999998
75,4,6,534.35,No,Yes,Flat,45379.66,0,Urban,1901.8118154
76,2,5,666.23,No,Yes,Not Flat,25393.47,1,Rural,986.475138
77,3,8,780.66,Yes,No,Flat,28477.29,1,Urban,2182.2840978000004
78,2,6,700.32,Yes,Yes,Not Flat,17418.74,2,Urban,2419.7811014999997
79,2,6,388.17,No,Yes,Flat,9736.98,1,Urban,2071.9996332
80,3,6,637.24,Yes,Yes,Flat,35536.9,0,Rural,1192.9053222
81,2,3,868.51,No,Yes,Not Flat,30102.18,0,Urban,1860.4517514000001
82,2,5,956.49,Yes,Yes,Flat,30233.2,1,Rural,1922.1795554999999
83,3,8,613.67,No,Yes,Not Flat,21489.89,0,Rural,820.7886987
84,2,5,556.77,No,Yes,Flat,33455.61,0,Rural,1299.5442348
85,1,4,719.97,No,Yes,Flat,22954.06,0,Urban,1659.9890472000002
86,1,4,722.55,Yes,No,Flat,49903.47,0,Rural,1520.7553896
87,2,6,755.85,Yes,No,Not Flat,28414.45,2,Urban,2286.3485313
88,2,4,912.5,Yes,Yes,Not Flat,29492.59,0,Rural,1642.5004605
89,2,8,592.68,Yes,Yes,Flat,20542.24,1,Urban,2341.2690561
90,-1,5,697.17,No,Yes,Flat,17804.39,2,Urban,2452.5446322000003
91,2,4,631.85,Yes,Yes,Not Flat,29206.67,0,Rural,1337.1704541
92,3,7,627.3,No,Yes,Not Flat,32568.9,0,Urban,1466.8149255
93,2,5,686.0,No,Yes,Not Flat,12090.35,2,Urban,2288.2372872
94,4,2,755.81,Yes,Yes,Not Flat,34541.06,2,Rural,2106.7751028000002
95,3,2,875.98,No,Yes,Not Flat,24849.38,2,Rural,1603.8352905000002
96,1,5,729.06,Yes,Yes,Not Flat,22456.58,1,Urban,2544.2723187
97,2,3,698.35,No,No,Not Flat,37442.86,2,Rural,907.4736222
98,2,5,621.6,Yes,Yes,Not Flat,27571.38,1,Rural,1263.4774665
99,3,9,1123.53,No,Yes,Flat,33964.42,0,Urban,1679.906907
100,3,5,486.17,No,Yes,Not Flat,18879.68,0,Rural,595.5463809
101,3,10,810.5,No,Yes,Flat,39304.91,1,Urban,2446.1082134999997
102,2,6,750.76,Yes,Yes,Not Flat,26952.99,2,Urban,2368.7743803
103,2,4,1000.26,Yes,Yes,Flat,18076.23,0,Rural,1274.7493908
104,0,8,758.0,Yes,Yes,Not Flat,24767.0,0,Rural,1319.1842652
105,2,3,700.37,No,Yes,Flat,14199.3,3,Urban,2510.0681379000002
106,3,5,674.38,No,Yes,Not Flat,14925.92,0,Urban,1473.6606627
107,2,4,1021.58,No,Yes,Flat,36811.24,2,Rural,1275.2326932
108,3,4,773.05,No,Yes,Not Flat,20515.14,0,Urban,1354.1167056
109,2,8,969.13,Yes,Yes,Not Flat,10539.88,1,Rural,1318.8040758000002
110,1,7,580.33,No,Yes,Not Flat,30949.12,1,Rural,1416.0051068999999
111,1,4,751.24,No,Yes,Flat,24104.97,2,Urban,2505.5926062
112,1,9,835.06,No,Yes,Flat,27876.39,2,Urban,2266.6133517
113,1,2,984.48,Yes,Yes,Flat,29999.75,2,Urban,2520.8129085
114,1,6,900.96,No,Yes,Not Flat,12476.47,1,Urban,1960.9649454
115,2,4,701.95,No,Yes,Flat,31473.06,2,Urban,2484.8423586
116,1,6,719.2,No,Yes,Not Flat,31574.87,1,Urban,1625.5643736000002
117,2,4,742.02,Yes,Yes,Not Flat,28730.32,1,Rural,1810.0931480999998
118,2,3,776.74,Yes,Yes,Flat,28498.21,1,Urban,2532.1129839
119,3,2,651.79,No,Yes,Not Flat,31858.78,0,Urban,1531.2841887
120,2,6,824.89,Yes,Yes,Flat,22751.5,0,Urban,2008.1125581000001
121,-1,2,638.39,No,Yes,Not Flat,26305.76,2,Urban,2026.4497631999998
122,2,5,1076.14,No,Yes,Flat,34651.95,2,Rural,1675.2631473000001
123,3,7,579.55,Yes,Yes,Flat,23892.45,0,Rural,1373.2088868
124,2,4,777.33,No,Yes,Not Flat,20522.84,1,Urban,2112.9504519
125,2,0,549.85,No,No,Not Flat,23928.25,2,Urban,1833.7739139
126,1,6,764.09,Yes,No,Flat,18017.78,2,Rural,1815.7623062999999
127,2,6,879.51,Yes,Yes,Flat,22013.63,0,Rural,1267.6900086
128,2,6,671.88,No,No,Flat,14134.17,1,Urban,1690.6241679
129,2,7,887.91,Yes,Yes,Not Flat,20988.27,0,Urban,2174.5558515000002
130,3,4,699.8,No,Yes,Flat,12241.93,0,Urban,1479.7697022
131,1,6,850.87,Yes,Yes,Not Flat,3776.08,0,Urban,1956.8815650000001
132,1,11,946.74,No,Yes,Flat,28819.03,2,Urban,2190.2715264
133,3,7,549.72,No,Yes,Flat,41533.34,1,Rural,1670.4793212
134,0,5,755.03,No,Yes,Not Flat,19693.19,1,Rural,785.8399224
135,2,6,828.63,Yes,Yes,Flat,10699.02,2,Urban,2509.24401
136,1,5,323.95,No,Yes,Not Flat,26295.5,1,Urban,1516.3309428
137,3,6,683.29,No,Yes,Flat,23182.8,1,Rural,1523.9736192
138,2,5,557.23,No,No,Not Flat,19273.03,0,Rural,591.2013435
139,2,4,683.02,Yes,Yes,Flat,29193.07,1,Rural,1818.399309
140,4,4,840.2,Yes,Yes,Not Flat,33580.57,0,Urban,1959.7522565999998
141,1,8,970.75,No,Yes,Not Flat,32285.37,0,Rural,1103.904123
142,3,2,929.79,Yes,No,Flat,24110.05,2,Rural,1964.9788794
143,1,5,692.13,No,Yes,Not Flat,26348.19,2,Rural,1470.3530799
144,1,1,878.83,No,Yes,Not Flat,34531.17,1,Rural,1115.1343656
145,3,7,572.78,Yes,Yes,Flat,34099.98,1,Rural,1541.7843831
146,2,4,840.06,No,Yes,Flat,20857.83,2,Urban,2339.5770603
147,2,2,765.99,No,Yes,Not Flat,21128.67,2,Rural,1411.4239086
148,2,6,627.91,Yes,Yes,Flat,21104.1,3,Rural,2470.885482
149,3,6,884.14,Yes,Yes,Flat,25621.9,0,Rural,1840.4676057000001
150,3,6,776.99,Yes,Yes,Not Flat,15962.89,1,Rural,1551.7479759
151,2,8,567.36,Yes,Yes,Flat,12522.58,1,Urban,2689.9524741
152,1,5,870.71,No,Yes,Flat,29910.62,3,Urban,2436.3636447
153,2,4,1177.7,Yes,Yes,Flat,19366.43,3,Urban,2952.8065302
154,1,5,950.5,No,Yes,Flat,15450.66,0,Rural,1244.1469827
155,1,2,817.61,No,Yes,Not Flat,38734.51,1,Urban,1866.1487862000001
156,1,7,658.86,No,Yes,Flat,35701.06,1,Rural,1602.5298500999997
157,3,7,764.33,No,Yes,Flat,31872.19,2,Rural,1711.2690438
158,3,2,1005.38,Yes,Yes,Flat,33346.93,1,Urban,2263.8818382
159,1,3,968.28,No,Yes,Not Flat,32258.4,2,Urban,2445.1765689
160,2,3,800.96,No,Yes,Not Flat,30971.97,2,Rural,1366.0428141
161,2,3,564.17,Yes,Yes,Flat,16354.79,0,Urban,1830.2546028000002
162,1,5,752.39,No,Yes,Flat,35560.75,1,Urban,1768.3324794
163,2,4,771.59,No,Yes,Flat,25489.96,1,Urban,1805.3130858
164,2,4,1069.32,No,Yes,Not Flat,12435.65,1,Urban,2060.2914051000002
165,3,5,836.5,No,Yes,Flat,28629.77,2,Urban,2586.6527175
166,3,5,934.82,No,Yes,Not Flat,24210.55,0,Urban,1781.3071581
167,2,3,760.75,No,Yes,Not Flat,32129.77,3,Rural,1636.8258039000002
168,1,7,665.07,No,Yes,Not Flat,42115.1,1,Urban,1728.8591769
169,1,4,704.72,No,No,Not Flat,20191.55,1,Urban,1502.4632898
170,4,-1,1058.32,Yes,No,Not Flat,17182.76,4,Rural,1796.8145514000003
171,2,4,883.45,No,No,Not Flat,22813.35,2,Rural,1117.3313274000002
172,1,6,626.75,No,Yes,Not Flat,31028.6,3,Rural,1373.3309913
173,2,5,635.28,No,Yes,Not Flat,32315.58,1,Urban,1702.0315131
174,1,5,574.3,No,Yes,Not Flat,11962.93,0,Urban,1287.7915371
175,1,3,813.06,Yes,Yes,Flat,31780.33,2,Urban,2726.524641
176,2,7,911.98,No,Yes,Not Flat,26336.01,2,Urban,2384.5317047999997
177,2,4,880.15,No,Yes,Not Flat,22242.58,2,Urban,1850.6475060000002
178,2,7,931.86,No,Yes,Not Flat,24697.02,0,Urban,1725.5905056000001
179,2,6,809.69,No,Yes,Not Flat,18617.69,1,Rural,934.2483894000001
180,2,3,786.46,No,Yes,Not Flat,31008.24,3,Rural,1402.435809
181,-1,8,801.48,Yes,Yes,Not Flat,22003.44,2,Urban,2880.9392592
182,1,4,748.04,Yes,Yes,Flat,16081.34,0,Rural,1146.1891863
183,1,5,670.5,Yes,No,Flat,-1013.85,2,Rural,1585.9591136999998
184,2,6,548.96,No,Yes,Not Flat,31400.35,2,Rural,1457.2159488
185,2,5,569.94,No,No,Flat,19983.43,1,Urban,1688.8655036999999
186,2,3,731.05,No,Yes,Flat,21571.95,1,Rural,1438.667586
187,1,4,1035.94,Yes,Yes,Not Flat,38030.46,1,Urban,2465.0866563
188,1,1,799.66,No,No,Not Flat,21299.68,1,Rural,831.5495897999999
189,2,5,843.85,No,Yes,Not Flat,19607.07,0,Rural,920.9882964000001
190,2,6,928.7,No,Yes,Flat,31689.0,1,Urban,2378.4485652
191,2,9,856.5,No,Yes,Not Flat,18043.09,1,Urban,1618.9145559
192,1,5,767.79,No,Yes,Not Flat,28953.16,0,Rural,550.3509702
193,2,7,996.66,Yes,Yes,Not Flat,30070.15,0,Urban,1856.2535381999999
194,4,8,795.46,Yes,No,Not Flat,26405.81,1,Urban,2307.3217403999997
195,4,9,678.47,No,No,Not Flat,30465.27,2,Urban,2120.6978085
196,2,8,861.31,Yes,Yes,Not Flat,24174.71,1,Rural,1920.5539497
197,3,5,819.68,Yes,No,Not Flat,10547.98,0,Urban,1758.3991722
198,0,3,766.53,No,Yes,Flat,25372.96,1,Rural,901.3199514
199,4,2,834.13,Yes,Yes,Not Flat,32820.26,0,Rural,1359.2877306
200,3,0,618.91,Yes,Yes,Not Flat,19943.2,0,Urban,2127.2232681
201,1,4,942.95,No,No,Not Flat,23348.8,1,Urban,1952.7459069000001
202,1,6,1002.71,No,Yes,Flat,26478.15,2,Rural,1262.5098008999998
203,2,8,834.85,No,Yes,Flat,16956.43,0,Rural,908.681742
204,2,7,868.06,Yes,No,Not Flat,26477.51,0,Urban,1655.3634180000001
205,1,5,684.37,Yes,No,Flat,33920.09,0,Urban,1712.5297875
206,1,4,691.12,Yes,Yes,Not Flat,47090.5,0,Urban,2094.198885
207,4,4,801.12,No,Yes,Not Flat,11182.68,2,Urban,1819.1824665
208,2,7,825.89,No,Yes,Not Flat,35389.76,0,Urban,1605.2056026
209,0,5,606.3,Yes,Yes,Flat,23623.36,1,Rural,1676.2279143
210,2,7,1046.44,No,Yes,Flat,28452.41,1,Urban,1891.8936048
211,1,3,550.83,No,Yes,Not Flat,27439.6,2,Urban,1759.4215386
212,2,2,670.35,No,Yes,Flat,16868.7,2,Urban,2007.1236207000002
213,2,3,800.93,Yes,Yes,Flat,26743.0,0,Urban,2239.554384
214,2,6,881.87,Yes,Yes,Not Flat,8927.86,0,Urban,2160.3279954
215,3,5,772.83,No,Yes,Flat,31214.57,0,Urban,1974.7892502
216,1,3,730.49,No,No,Not Flat,29719.32,1,Urban,1648.6361190000002
217,0,4,844.57,Yes,Yes,Not Flat,26500.91,1,Urban,2642.4702474
218,4,2,737.62,Yes,Yes,Flat,35443.13,3,Urban,3056.4216239999996
219,2,6,643.98,No,No,Flat,20385.97,0,Urban,1372.5721862999999
220,1,5,587.1,No,No,Flat,12899.98,1,Urban,1593.8558262000001
221,3,9,681.31,No,No,Flat,36553.92,1,Rural,1090.181172
222,0,4,857.96,No,Yes,Not Flat,13955.21,0,Rural,900.4850391
223,3,6,792.56,No,Yes,Not Flat,23087.74,2,Urban,2438.5282827
224,1,3,938.51,Yes,Yes,Not Flat,17284.03,2,Rural,1485.3073953
225,3,6,865.67,No,Yes,Flat,35757.27,0,Rural,1180.8675888
226,3,5,1087.35,No,Yes,Not Flat,38651.2,1,Urban,1987.6357746
227,3,8,669.97,No,Yes,Not Flat,22952.21,1,Urban,1660.3391463000003
228,1,5,635.28,No,Yes,Flat,21549.44,1,Rural,1445.7765915
229,1,4,608.51,No,Yes,Not Flat,34811.43,2,Urban,2330.9046906
230,2,9,937.63,No,Yes,Flat,10770.83,2,Urban,2508.2275101
231,2,5,904.92,Yes,Yes,Not Flat,5801.91,0,Urban,2132.0291616
232,1,7,788.73,No,Yes,Flat,15850.7,0,Urban,2030.7759792000002
233,2,1,939.97,No,No,Flat,27136.17,1,Rural,1161.9698919
234,1,6,895.91,No,No,Not Flat,18822.41,1,Rural,666.6742892999999
235,2,4,690.85,Yes,Yes,Flat,10227.04,0,Urban,2441.9676897
236,1,5,888.32,No,Yes,Flat,36802.71,1,Urban,1809.3688806
237,2,4,549.95,No,Yes,Not Flat,34362.91,1,Urban,1817.8785014999999
238,0,5,1046.68,Yes,No,Flat,21197.44,1,Urban,2405.1546482999997
239,4,4,869.29,No,Yes,Not Flat,7682.1,1,Urban,1602.4440359999999
240,3,3,927.71,No,Yes,Flat,28285.37,0,Urban,1744.1275212
241,2,3,1102.5,No,Yes,Flat,20783.2,1,Rural,1227.3722361
242,1,5,1031.06,Yes,Yes,Not Flat,38350.58,3,Urban,3199.783275
243,3,3,769.77,No,Yes,Not Flat,15884.25,2,Rural,1610.4576125999997
244,1,5,658.94,No,Yes,Flat,28110.64,2,Urban,2456.4603380999997
245,3,4,660.55,No,Yes,Flat,43636.94,0,Urban,1849.2369852
246,2,7,664.49,Yes,Yes,Not Flat,33094.49,1,Rural,1770.2453805
247,1,6,701.3,No,Yes,Not Flat,37684.67,0,Rural,752.7939552
248,2,5,963.07,No,Yes,Not Flat,44918.46,2,Rural,1482.0567243
249,3,5,993.23,No,Yes,Not Flat,31536.8,1,Urban,2256.0281247000003
250,2,7,974.28,Yes,No,Flat,9282.02,0,Urban,1892.6858226
251,2,3,731.11,No,Yes,Flat,20693.18,0,Rural,735.6730224
252,4,1,862.33,No,Yes,Not Flat,20098.58,1,Rural,818.5950791999999
253,1,2,708.64,Yes,Yes,Not Flat,34663.71,1,Rural,1686.1664747999998
254,1,5,612.54,No,No,Flat,20217.23,2,Rural,1326.3505632000001
255,1,7,840.81,No,No,Not Flat,30684.89,0,Rural,679.3669278
256,1,2,680.57,Yes,Yes,Flat,4884.15,0,Urban,1853.4942578999999
257,2,8,790.51,Yes,Yes,Not Flat,24854.53,1,Urban,2716.2848985
258,0,6,979.89,Yes,Yes,Not Flat,14522.36,3,Urban,2743.8485274
259,2,4,972.95,No,Yes,Flat,34625.01,3,Urban,2487.8740577999997
260,3,2,676.98,No,Yes,Not Flat,22900.94,2,Urban,2134.696248
261,2,3,581.22,No,Yes,Not Flat,29023.85,1,Urban,1718.1265433999997
262,3,5,1166.71,Yes,Yes,Flat,13738.55,1,Urban,2780.1914559
263,2,2,924.17,No,Yes,Not Flat,16058.13,0,Rural,839.2315182
264,2,4,996.35,Yes,Yes,Flat,37360.13,1,Rural,1713.6542433
265,3,6,1097.89,No,Yes,Flat,22277.67,2,Urban,2127.9294414
266,2,6,548.8,No,Yes,Not Flat,27080.23,2,Rural,1631.8062552000001
267,3,7,981.26,No,Yes,Flat,-526.54,3,Urban,2350.5767355000003
268,0,4,904.53,Yes,Yes,Flat,56531.08,0,Rural,1749.7194525
269,2,4,835.05,Yes,Yes,Flat,-90.52,0,Urban,2383.842
270,3,6,786.93,No,Yes,Flat,17196.35,0,Urban,1706.0358207
271,0,4,1185.36,No,Yes,Flat,28864.24,0,Urban,1986.4181847
272,2,4,534.15,Yes,Yes,Not Flat,24618.26,1,Urban,2047.2271896
273,2,6,700.94,Yes,Yes,Not Flat,18591.7,0,Urban,2037.4443144000002
274,2,6,662.82,No,Yes,Flat,20919.1,2,Urban,1969.3727006999998
275,2,7,860.15,No,Yes,Not Flat,39465.64,2,Rural,1527.0874764
276,4,7,709.59,No,Yes,Flat,18900.25,1,Rural,1052.4339731999999
277,0,9,843.85,No,No,Flat,22729.18,1,Urban,1731.7668198
278,1,6,948.47,No,Yes,Not Flat,25758.26,2,Rural,1422.5284653
279,2,6,750.79,No,Yes,Flat,22787.4,3,Urban,2664.6290922
280,3,3,571.3,No,Yes,Not Flat,27899.3,0,Rural,884.0871525
281,3,5,942.5,Yes,No,Flat,15292.0,0,Rural,1202.1790005
282,2,1,560.7,Yes,Yes,Not Flat,26586.82,1,Rural,1370.587653
283,1,6,701.89,No,Yes,Flat,32896.78,0,Rural,1098.0371049
284,3,5,1074.9,No,No,Flat,26420.49,1,Rural,927.9240755999999
285,1,7,892.85,No,Yes,Flat,15912.6,1,Rural,1121.6188413
286,1,8,848.04,No,Yes,Flat,18347.8,1,Urban,2089.8935565
287,2,4,749.44,No,Yes,Flat,21510.21,2,Rural,1449.3220466999999
288,3,7,754.59,Yes,Yes,Not Flat,30996.0,1,Rural,1568.5344536999999
289,1,4,821.37,No,No,Flat,14991.02,0,Urban,1390.5969924
290,3,7,916.95,No,Yes,Flat,19975.74,2,Urban,2348.2024059
291,2,6,898.26,Yes,Yes,Flat,15825.46,0,Rural,1573.6150188
292,2,5,593.12,Yes,Yes,Flat,25339.76,1,Urban,2342.8578975
293,3,2,752.36,No,Yes,Flat,9371.77,3,Rural,1827.2249454000003
294,1,3,757.73,Yes,Yes,Not Flat,22432.58,2,Urban,2746.4083632
295,4,8,635.78,No,Yes,Flat,24609.66,0,Rural,1297.0021065
296,3,6,676.79,No,No,Flat,21962.35,1,Urban,1749.8671566
297,3,7,827.01,No,Yes,Flat,26537.74,0,Rural,1296.8020716
298,2,7,606.43,Yes,Yes,Not Flat,16225.94,2,Urban,2551.3868094
299,0,1,557.07,Yes,Yes,Flat,7525.82,1,Urban,2400.3238302
300,1,4,942.08,No,Yes,Flat,27218.13,1,Urban,1848.2834807999998
301,1,6,833.6,No,Yes,Not Flat,28663.06,0,Urban,1643.7949458
302,2,8,813.67,Yes,Yes,Flat,15648.87,2,Rural,1865.0956323
303,2,6,361.13,No,No,Flat,28218.63,1,Rural,1325.6217876
304,2,5,711.94,No,Yes,Flat,19210.78,1,Rural,1255.5247548
305,1,7,696.3,No,Yes,Not Flat,30768.18,1,Urban,1597.4483781
306,2,6,599.88,No,Yes,Flat,24223.48,0,Urban,1482.4227951
307,1,7,661.46,No,Yes,Flat,31908.08,1,Rural,1332.8108940000002
308,3,6,704.81,No,Yes,Not Flat,20227.31,0,Rural,568.305168
309,2,4,828.85,No,Yes,Not Flat,-1048.77,2,Rural,1147.8866931
310,2,7,915.66,No,Yes,Not Flat,8824.44,0,Urban,1310.2643604
311,0,4,906.78,No,Yes,Not Flat,24609.42,2,Urban,2381.2062723
312,3,4,916.19,Yes,Yes,Not Flat,19258.73,2,Urban,2915.0454296999997
313,3,8,631.54,No,Yes,Flat,12107.02,1,Urban,2268.2616906000003
314,1,4,802.95,No,Yes,Not Flat,47110.28,1,Rural,1230.9199785
315,2,1,597.39,Yes,Yes,Not Flat,20184.42,1,Urban,2307.1729836
316,3,9,744.67,Yes,Yes,Flat,26095.19,1,Urban,2365.3610988
317,0,2,840.99,Yes,Yes,Flat,26297.68,2,Rural,1991.5054175999999
318,1,6,1066.39,Yes,No,Flat,47483.47,1,Urban,2246.4271755
319,3,5,820.39,No,Yes,Flat,9501.99,2,Urban,2361.7631825999997
320,3,7,824.91,Yes,No,Not Flat,20618.16,3,Urban,2793.0427176000003
321,0,2,702.84,No,No,Flat,23958.43,0,Urban,1425.0763241999998
322,2,2,653.43,Yes,No,Flat,25127.72,1,Urban,2307.0655254
323,2,5,663.28,No,Yes,Flat,32704.18,1,Urban,1951.3998738
324,0,5,780.22,No,Yes,Flat,14164.11,2,Urban,2455.0888344
325,2,6,911.58,Yes,No,Flat,36316.9,1,Rural,1425.2332188
326,2,5,244.4,Yes,No,Flat,39823.7,2,Urban,2576.0150631
327,2,5,674.53,No,Yes,Not Flat,16451.23,0,Rural,490.0943142
328,3,5,1019.52,Yes,Yes,Flat,21532.89,1,Urban,2281.5729125999997
329,1,1,515.34,No,Yes,Flat,11753.98,0,Urban,1380.3318252
330,1,5,584.85,No,No,Not Flat,2108.61,0,Urban,1322.4373494000001
331,4,7,900.39,Yes,Yes,Not Flat,22294.67,1,Urban,2650.8354507
332,4,6,829.15,Yes,Yes,Not Flat,18777.36,2,Urban,2499.5686491
333,2,4,814.28,No,Yes,Not Flat,34929.14,1,Rural,1256.3497437
334,1,8,895.34,Yes,Yes,Not Flat,36314.02,1,Rural,1598.1648045000002
335,2,6,911.72,Yes,Yes,Flat,24762.94,0,Urban,2537.9092668
336,4,7,770.68,Yes,No,Not Flat,24871.18,0,Urban,2142.6290550000003
337,1,3,824.05,No,Yes,Not Flat,38321.36,3,Urban,2352.3778137
338,5,3,750.58,No,No,Not Flat,13397.44,0,Urban,1318.7730129000001
339,1,9,835.59,No,Yes,Not Flat,44083.19,0,Urban,1740.3783105
340,1,2,791.78,Yes,Yes,Not Flat,27267.91,2,Urban,2647.8603891000002
341,3,5,879.29,Yes,Yes,Not Flat,24582.51,3,Rural,2246.6676144000003
342,0,4,1116.41,No,Yes,Flat,19658.51,3,Rural,1756.7313282
343,2,3,698.84,No,No,Not Flat,26577.03,1,Urban,1326.678753
344,2,5,842.02,No,Yes,Flat,36015.54,2,Urban,2513.4317688
345,2,6,787.1,No,Yes,Flat,29109.56,4,Rural,2410.5101879999997
346,4,3,720.31,Yes,No,Flat,22691.55,2,Urban,2547.8557083
347,3,5,773.66,Yes,No,Flat,35807.59,0,Urban,2311.6153254
348,2,2,1075.89,No,No,Flat,16451.71,0,Rural,1073.3533821
349,2,4,772.33,No,No,Not Flat,31731.94,2,Urban,1594.831389
350,2,5,662.58,No,Yes,Flat,22932.87,1,Urban,2349.1629903000003
351,1,8,843.47,Yes,Yes,Flat,33015.78,0,Urban,2311.7272764
352,3,6,551.32,No,Yes,Not Flat,40545.49,1,Rural,1113.7098429
353,1,5,831.82,Yes,Yes,Flat,28563.2,0,Rural,1415.6791418999999
354,1,4,870.57,No,Yes,Not Flat,10237.39,1,Urban,1548.1395381
355,2,7,786.06,No,Yes,Not Flat,35869.9,2,Urban,1968.9174192
356,2,9,759.64,Yes,Yes,Flat,19296.1,1,Rural,1907.7483680999999
357,2,6,520.46,No,Yes,Not Flat,38685.23,3,Urban,2634.7599501
358,2,7,811.63,No,Yes,Flat,47453.09,2,Urban,2100.6562461
359,2,5,974.83,Yes,Yes,Not Flat,18894.52,2,Urban,2928.9376236000003
360,1,5,836.06,Yes,No,Not Flat,24032.65,0,Rural,759.3231753
361,1,5,812.24,Yes,Yes,Flat,19179.15,0,Urban,2387.1483209999997
362,1,8,1055.17,Yes,Yes,Not Flat,15189.3,1,Rural,1622.4573027
363,3,11,555.62,No,No,Flat,52765.1,0,Urban,1443.9246981000001
364,2,10,1064.73,No,Yes,Flat,27339.04,1,Rural,1367.3460489
365,2,5,771.82,No,Yes,Flat,26668.29,2,Urban,2637.7514250000004
366,1,6,801.99,No,Yes,Flat,22542.9,1,Rural,977.7320658000001
367,3,6,730.36,No,Yes,Flat,19302.3,1,Urban,2232.7728699
368,2,6,753.22,Yes,Yes,Not Flat,15696.01,0,Urban,1801.8253992
369,1,4,877.23,No,Yes,Flat,33337.88,1,Urban,2103.0860316
370,4,5,762.6,No,No,Flat,12326.43,0,Rural,1012.8607236
371,2,5,778.5,No,Yes,Not Flat,26252.68,2,Rural,1478.6509793999999
372,3,7,725.84,No,Yes,Flat,18666.0,2,Rural,1492.5427743
373,2,1,661.54,Yes,Yes,Flat,40260.49,0,Urban,2241.4378994999997
374,2,4,504.24,No,Yes,Not Flat,25193.6,1,Rural,794.7707163
375,2,4,825.94,Yes,No,Flat,27846.65,2,Rural,1477.7853813000002
376,1,3,634.29,Yes,Yes,Not Flat,38155.18,0,Urban,1838.8169004000001
377,2,2,736.14,Yes,Yes,Flat,36618.88,0,Rural,1550.1343305
378,3,1,851.93,No,No,Not Flat,16419.26,1,Urban,1701.1220555999998
379,1,7,528.29,Yes,Yes,Flat,34288.53,0,Urban,2290.8172272
380,2,4,586.48,No,Yes,Flat,28153.0,0,Urban,1862.1722708999998
381,0,6,620.29,Yes,No,Not Flat,31055.69,1,Urban,2243.925249
382,1,8,957.95,No,Yes,Not Flat,34888.0,2,Urban,2386.4842314
383,2,5,583.22,Yes,Yes,Not Flat,19597.04,1,Rural,1829.4575751000002
384,3,7,729.7,Yes,Yes,Not Flat,29004.38,0,Urban,2006.8096749000001
385,2,10,606.2,Yes,Yes,Flat,31577.13,1,Rural,1620.4386027
386,3,7,601.03,No,Yes,Flat,23941.9,1,Urban,2127.2960795999998
387,1,7,935.01,No,Yes,Flat,27243.07,2,Rural,1797.107211
388,2,8,652.2,Yes,No,Not Flat,10756.64,3,Rural,1590.9452133
389,3,4,743.58,No,Yes,Flat,17822.06,0,Urban,1511.8236615
390,1,6,889.06,No,Yes,Flat,-1576.44,1,Rural,926.5178811
391,4,6,681.32,Yes,Yes,Not Flat,13481.07,1,Urban,2625.9990513000002
392,0,6,949.59,No,No,Not Flat,5200.62,3,Rural,1527.3809658
393,2,7,509.38,No,Yes,Not Flat,46025.99,0,Urban,1964.807643
394,2,6,888.47,Yes,Yes,Not Flat,27854.32,2,Rural,1776.0208847999997
395,2,9,747.74,No,Yes,Not Flat,21937.54,2,Rural,1117.3871838
396,2,7,770.67,No,Yes,Not Flat,19771.94,3,Urban,2183.097792
397,3,5,634.83,Yes,Yes,Flat,16128.76,3,Rural,2321.2143519
398,2,8,605.21,No,No,Flat,34695.89,2,Urban,2042.8672665
399,3,4,695.24,No,Yes,Not Flat,26862.82,0,Urban,1795.5660039000002
400,1,2,694.55,No,Yes,Flat,8498.6,1,Urban,2249.1196493999996
401,3,5,798.92,Yes,Yes,Flat,20900.09,2,Urban,2532.6294603
402,1,5,595.7,Yes,No,Not Flat,18885.43,1,Urban,2115.7842299999998
403,2,7,957.28,Yes,Yes,Not Flat,18063.68,0,Rural,1070.9470413000001
404,3,5,845.62,Yes,No,Flat,28938.08,1,Rural,1392.7857411
405,4,8,765.55,No,Yes,Flat,17127.48,0,Urban,1992.0624470999999
406,2,3,1063.48,No,Yes,Not Flat,20030.28,1,Urban,1976.89464
407,1,6,950.08,No,Yes,Flat,19782.36,2,Rural,1595.239056
408,1,4,733.47,No,Yes,Not Flat,29943.51,2,Urban,1848.7248174000001
409,1,5,889.54,No,Yes,Flat,8708.73,2,Rural,1165.7457479999998
410,2,6,931.66,Yes,No,Flat,22386.93,1,Rural,1854.0303942
411,1,9,879.67,No,Yes,Not Flat,34346.14,1,Rural,988.7248833
412,1,2,768.1,No,No,Not Flat,14810.27,2,Urban,1974.3202892999998
413,3,6,891.78,Yes,Yes,Not Flat,32648.4,1,Rural,1519.2499272
414,2,5,742.32,Yes,Yes,Flat,30714.7,1,Urban,2713.9984028999997
415,1,1,965.07,No,Yes,Flat,25904.59,2,Rural,1189.9816446
416,0,6,686.45,Yes,Yes,Not Flat,46078.72,1,Rural,1935.6509373
417,1,5,961.91,Yes,Yes,Not Flat,27755.02,0,Rural,1387.2425397000002
418,2,5,1069.87,Yes,Yes,Flat,25057.67,0,Urban,2244.9521712
419,3,8,867.34,Yes,Yes,Flat,28403.65,1,Rural,1624.1845902
420,3,5,686.58,No,Yes,Not Flat,44804.64,0,Rural,633.7118526
421,2,4,1015.45,No,Yes,Not Flat,24516.2,1,Urban,1705.9331622
422,1,2,669.69,Yes,Yes,Flat,24973.46,0,Rural,1081.6244904
423,2,3,626.42,Yes,Yes,Flat,19085.43,0,Urban,2152.3771179
424,1,3,1072.0,Yes,Yes,Flat,10174.71,0,Urban,2432.1091656
425,2,4,865.04,Yes,Yes,Flat,18391.27,0,Urban,2061.8831043
426,1,4,688.98,No,Yes,Flat,36571.26,2,Urban,2489.8670616
427,1,5,785.52,No,Yes,Flat,17110.12,0,Urban,1860.5557119
428,2,0,797.67,Yes,Yes,Flat,19047.93,2,Rural,2214.3862017
429,4,4,846.15,No,Yes,Not Flat,35945.14,0,Urban,1450.7241339
430,2,4,773.2,No,Yes,Not Flat,34162.2,1,Urban,2049.0944322
431,2,9,998.93,No,Yes,Flat,34392.57,0,Urban,1702.7672667
432,4,5,868.58,No,Yes,Not Flat,6788.84,2,Rural,1157.5137639
433,2,7,751.99,No,Yes,Flat,13348.51,1,Rural,1070.6285178
434,2,2,666.58,Yes,Yes,Flat,27716.53,1,Rural,1591.0737345
435,2,5,901.61,Yes,Yes,Flat,30061.2,1,Urban,2762.5662702
436,2,4,902.76,No,Yes,Not Flat,14608.19,1,Urban,1768.2265959000001
437,2,2,796.83,No,No,Flat,13898.86,0,Urban,1789.4080218
438,3,5,642.72,No,Yes,Not Flat,25405.56,0,Rural,533.9744952000001
439,2,4,832.37,No,Yes,Flat,6343.89,2,Rural,1588.5331598999999
440,2,5,988.29,Yes,Yes,Flat,41764.78,2,Urban,3160.164996
441,1,6,682.29,Yes,Yes,Flat,23078.73,0,Rural,1494.2862734999999
442,2,4,838.84,Yes,Yes,Flat,38464.04,3,Urban,3067.806633
443,1,5,890.73,No,Yes,Flat,30770.24,3,Urban,2417.0194263
444,2,2,752.77,No,Yes,Flat,21188.82,0,Rural,958.3016408999999
445,3,4,748.97,No,No,Not Flat,31973.67,2,Urban,1737.7128033
446,1,9,572.76,Yes,Yes,Flat,35408.69,3,Urban,2976.9633546
447,2,4,936.44,Yes,Yes,Not Flat,6757.32,3,Urban,3007.147518
448,2,5,943.71,No,No,Not Flat,26873.88,2,Rural,860.0546993999999
449,0,5,868.52,No,Yes,Flat,17440.95,0,Rural,686.8540506
450,2,4,885.58,No,No,Not Flat,34893.47,1,Rural,859.5525024
451,1,3,519.84,No,Yes,Flat,20211.03,0,Rural,939.9774737999999
452,2,3,958.46,No,Yes,Flat,28827.97,2,Urban,2637.0675957
453,1,6,699.62,Yes,Yes,Flat,31778.47,0,Urban,2054.4029958
454,3,6,709.33,No,Yes,Not Flat,18368.07,0,Rural,1073.9739038999999
455,2,1,835.9,No,Yes,Flat,24741.96,0,Rural,1046.7574593
456,0,5,669.56,No,No,Flat,29937.32,1,Rural,1252.4691273
457,1,7,1090.44,No,No,Not Flat,32838.33,1,Urban,2060.6788509000003
458,1,8,535.6,Yes,Yes,Flat,30021.33,0,Rural,1749.3473016000003
459,3,7,771.06,Yes,Yes,Flat,19482.65,0,Rural,1426.2819141
460,2,4,1147.92,No,Yes,Not Flat,17006.08,1,Urban,1778.3742644999998
461,2,7,938.86,Yes,Yes,Not Flat,16126.88,2,Urban,2857.1195232
462,2,5,947.73,No,Yes,Not Flat,31293.59,1,Rural,1110.2196768
463,3,6,848.71,No,Yes,Not Flat,12959.34,0,Urban,1304.1552486
464,3,6,958.96,No,Yes,Not Flat,19078.68,2,Urban,1924.2384513
465,2,4,687.94,No,Yes,Flat,24203.05,1,Rural,1201.6384872
466,3,5,811.93,No,Yes,Flat,38603.17,0,Rural,882.2713613999999
467,1,3,988.94,No,Yes,Flat,15642.66,1,Urban,1760.7983015999998
468,2,3,703.79,No,Yes,Not Flat,42236.78,0,Urban,1312.1595413999999
469,4,3,534.57,Yes,Yes,Flat,23102.74,2,Rural,2112.2959275
470,3,4,878.4,No,Yes,Not Flat,25774.32,1,Urban,1806.3945405
471,1,2,795.15,No,Yes,Flat,26411.26,1,Urban,2256.858411
472,3,6,693.03,Yes,Yes,Flat,28093.23,2,Urban,2802.233196
473,2,1,984.8,No,Yes,Not Flat,24249.31,2,Urban,2062.3803804
474,0,5,591.87,No,Yes,Flat,20541.51,1,Urban,1797.9906852
475,0,6,803.83,No,Yes,Not Flat,25585.89,2,Urban,1818.8722850999998
476,4,5,627.4,Yes,Yes,Flat,23288.42,1,Urban,2216.8005476999997
477,4,5,695.95,Yes,Yes,Flat,19703.61,2,Urban,2885.2257522
478,0,3,698.83,No,No,Not Flat,13817.63,0,Rural,292.63245144
479,2,4,1106.99,No,Yes,Not Flat,10691.95,1,Urban,1763.7657233999998
480,1,5,702.04,No,No,Not Flat,31462.81,1,Urban,1459.8779307
481,3,6,695.68,No,No,Flat,24977.27,0,Rural,527.6618853
482,-1,5,806.5,Yes,Yes,Not Flat,10799.59,0,Rural,1350.7583925
483,2,4,1111.85,Yes,Yes,Flat,30600.54,1,Urban,2556.1311891
484,1,3,966.98,Yes,Yes,Not Flat,13996.33,0,Rural,1545.6298865999997
485,3,7,696.91,No,No,Flat,14380.37,1,Rural,1179.8862720000002
486,3,3,720.13,Yes,No,Flat,49294.85,2,Rural,2122.7978862
487,1,5,793.79,Yes,Yes,Not Flat,26738.67,1,Urban,2622.9338013
488,2,2,830.26,No,Yes,Not Flat,16432.02,1,Urban,1834.4573154
489,5,5,1016.56,No,Yes,Not Flat,31100.16,1,Urban,1920.6112355999999
490,3,5,775.72,No,Yes,Not Flat,18999.34,3,Urban,2255.2124991
491,1,2,977.21,Yes,Yes,Flat,20664.1,0,Urban,1999.9161501
492,3,1,642.96,No,Yes,Flat,13626.5,0,Urban,1980.5260412999999
493,2,6,792.67,Yes,No,Not Flat,46841.59,1,Urban,1911.3464030999999
494,3,3,723.66,Yes,Yes,Not Flat,8771.54,2,Urban,2576.9702691
495,2,5,690.67,Yes,Yes,Flat,39842.83,1,Urban,2614.3584747
496,1,5,903.23,Yes,Yes,Not Flat,20150.28,1,Urban,2297.3945397
497,3,8,684.81,Yes,Yes,Not Flat,24404.43,1,Rural,1825.1426751
498,2,3,1004.21,No,No,Not Flat,13647.46,0,Rural,500.9812332
499,0,2,795.29,Yes,Yes,Not Flat,36365.17,2,Rural,2015.6478164999999
500,3,3,835.89,Yes,Yes,Flat,14067.73,2,Rural,2005.5551351999998
501,3,3,786.47,No,No,Not Flat,15641.6,1,Urban,1425.0234792
502,3,1,714.14,Yes,Yes,Not Flat,13262.51,0,Urban,1850.6795078999999
503,3,7,699.63,Yes,Yes,Not Flat,16616.36,2,Urban,2684.2138083
504,3,7,1130.5,No,Yes,Not Flat,32998.19,1,Rural,1271.4632343
505,1,5,929.73,Yes,Yes,Flat,44518.73,0,Rural,1507.8279204
506,1,9,834.03,Yes,No,Flat,24583.35,1,Urban,2462.1681906
507,2,6,674.74,Yes,Yes,Not Flat,36430.8,1,Rural,1460.9146977
508,2,6,733.45,No,No,Flat,20701.74,1,Urban,2142.5958798
509,0,1,974.21,No,Yes,Flat,32363.36,1,Rural,1342.2542256
510,3,4,941.85,Yes,Yes,Flat,27887.61,2,Rural,1974.9617205
511,3,5,732.97,No,Yes,Flat,27439.77,1,Urban,1958.6720157
512,1,4,663.37,No,Yes,Not Flat,19092.23,1,Rural,1180.5853803
513,0,4,699.81,No,No,Flat,22303.66,1,Urban,2064.091473
514,2,2,1136.0,Yes,No,Not Flat,22178.75,1,Rural,1652.4063645
515,4,4,1041.18,No,Yes,Not Flat,20060.1,0,Urban,1384.615515
516,3,5,773.02,No,No,Flat,31408.38,2,Rural,1136.104869
517,3,5,1084.52,Yes,Yes,Not Flat,1587.7,1,Rural,1368.7706136
518,1,5,790.71,No,Yes,Flat,37050.82,0,Rural,1090.0165209000002
519,4,4,516.43,Yes,Yes,Not Flat,20372.66,1,Rural,1402.1780763
520,3,6,1057.52,Yes,Yes,Not Flat,16420.09,1,Rural,1577.1665957999999
521,2,2,760.93,No,Yes,Not Flat,17974.11,1,Urban,1750.3142405999997
522,2,8,807.56,Yes,Yes,Not Flat,22984.61,0,Urban,2132.3351829
523,2,3,1034.6,No,Yes,Not Flat,28074.6,0,Urban,1393.7903064
524,2,5,861.43,No,No,Flat,28405.85,0,Urban,1495.8500754000002
525,1,5,900.45,Yes,No,Not Flat,15115.43,1,Urban,2105.2923267
526,0,6,737.19,No,Yes,Flat,17451.85,3,Urban,2586.2325948000002
527,2,4,854.11,No,Yes,Not Flat,25119.88,1,Urban,1669.1215317
528,1,3,786.13,No,Yes,Not Flat,28819.69,1,Urban,1579.3775142
529,2,5,547.37,Yes,Yes,Flat,16397.97,1,Rural,1958.5830009000001
530,2,3,752.63,No,Yes,Flat,16120.11,2,Rural,1571.6723972999998
531,2,4,699.42,No,Yes,Not Flat,24008.13,0,Urban,1418.1793427999999
532,1,4,705.27,No,No,Flat,32894.0,1,Urban,1965.2523654000001
533,2,5,924.54,No,Yes,Not Flat,15145.56,2,Rural,1376.4498048
534,2,6,862.53,No,Yes,Flat,36313.84,1,Rural,1291.8884388000001
535,2,7,687.45,No,Yes,Flat,19574.41,0,Urban,1676.2568723999998
536,0,5,928.69,No,Yes,Not Flat,26182.2,0,Urban,1874.0768558999998
537,2,8,1018.86,Yes,Yes,Flat,13611.22,2,Urban,2885.0279817
538,3,7,786.75,No,Yes,Flat,41083.05,1,Urban,2120.0440749
539,1,2,924.05,Yes,No,Flat,11499.93,1,Rural,1620.2284368
540,3,5,579.46,Yes,Yes,Not Flat,37876.75,0,Urban,2048.2648113
541,3,5,831.08,No,Yes,Not Flat,10099.02,1,Rural,1285.6539750000002
542,2,4,717.39,Yes,Yes,Flat,19565.61,1,Rural,1419.6207180000001
543,3,4,640.71,Yes,Yes,Not Flat,41718.43,1,Rural,1718.704932
544,4,6,691.92,Yes,No,Flat,7902.71,1,Urban,2237.351244
545,1,4,893.34,No,No,Flat,37558.92,1,Rural,1302.9375291000001
546,1,7,904.79,Yes,Yes,Not Flat,29416.5,0,Urban,2381.0699148000003
547,1,5,699.25,Yes,Yes,Not Flat,28249.71,2,Urban,2823.8565642
548,3,7,643.43,Yes,Yes,Not Flat,12380.29,0,Urban,2247.5595294
549,2,9,1113.99,Yes,Yes,Not Flat,28093.77,2,Rural,1827.8638217999999
550,1,5,735.06,No,Yes,Not Flat,29839.01,0,Rural,1070.9955501
551,1,3,808.19,No,Yes,Not Flat,28898.87,0,Urban,1526.7772836
552,1,4,755.02,No,Yes,Flat,34067.78,2,Urban,2090.7962481
553,0,2,764.65,Yes,Yes,Not Flat,11027.89,1,Urban,2517.4016688
554,1,5,571.11,No,Yes,Flat,29918.34,2,Rural,1683.7372464
555,1,6,986.3,No,Yes,Flat,28032.2,0,Rural,1304.6619381
556,2,5,726.25,Yes,Yes,Not Flat,29213.75,0,Urban,2373.2407821
557,0,9,856.15,No,Yes,Not Flat,26546.13,1,Urban,1665.9808329000002
558,3,8,698.03,No,No,Not Flat,28833.16,0,Urban,1619.2170816
559,1,5,846.64,Yes,Yes,Flat,13971.01,2,Urban,2887.4278212
560,3,4,679.48,No,Yes,Not Flat,42422.59,2,Urban,2327.2576239
561,3,1,767.12,Yes,Yes,Not Flat,24635.02,1,Rural,1533.5743052999999
562,3,5,650.6,No,Yes,Not Flat,23861.79,0,Urban,1629.1869354
563,3,5,758.62,No,Yes,Not Flat,28484.97,1,Rural,846.2191731
564,2,6,849.08,No,Yes,Flat,25230.29,2,Rural,1654.7110659
565,2,4,784.79,No,Yes,Flat,25128.15,2,Urban,2128.0266291
566,3,6,733.48,No,Yes,Not Flat,22880.75,1,Rural,869.182464
567,4,8,607.15,Yes,Yes,Flat,40047.03,1,Urban,2654.0587347
568,2,7,652.57,No,Yes,Not Flat,25566.98,1,Urban,1980.6236271000002
569,3,2,695.3,No,Yes,Not Flat,28278.67,0,Urban,1605.1444391999999
570,1,5,874.65,Yes,Yes,Flat,20070.34,1,Urban,2470.5159909
571,2,4,717.42,No,No,Not Flat,18993.48,2,Urban,1785.7425807
572,1,4,778.09,No,Yes,Not Flat,31208.61,1,Urban,2054.7719813999997
573,2,7,932.1,No,Yes,Flat,24188.14,2,Rural,1497.9898884
574,1,4,622.28,No,No,Not Flat,27825.25,1,Rural,1034.7838904999999
575,2,4,755.57,No,Yes,Flat,19598.82,1,Urban,2037.7896021
576,1,5,869.58,No,Yes,Flat,13976.87,0,Urban,1635.58959
577,1,4,630.91,No,No,Flat,29720.86,0,Urban,1504.3515435
578,1,5,761.19,Yes,No,Flat,31943.79,1,Urban,2608.6544676
579,1,3,886.07,No,Yes,Flat,22982.15,1,Rural,1345.1580978000002
580,3,7,867.73,No,Yes,Not Flat,23413.83,0,Rural,799.6480724999999
581,1,4,883.64,Yes,Yes,Flat,39365.49,1,Urban,2315.6958458999998
582,4,5,870.48,No,Yes,Flat,38274.33,0,Rural,1204.661091
583,2,5,1024.0,Yes,Yes,Not Flat,23140.23,1,Urban,2396.5246554
584,2,5,716.73,No,Yes,Flat,51.85,1,Rural,1079.8454922
585,2,6,578.78,No,Yes,Not Flat,35741.32,2,Urban,2073.825945
586,1,5,602.68,No,No,Flat,18477.49,1,Rural,1094.9688585
587,0,6,892.43,Yes,Yes,Flat,21027.82,1,Urban,2182.1057169
588,3,5,1064.88,Yes,Yes,Flat,20596.74,0,Urban,2301.279333
589,0,4,963.1,Yes,Yes,Not Flat,20828.59,3,Urban,2960.0925497999997
590,1,5,824.09,No,Yes,Flat,32799.66,0,Urban,1768.6899327
591,1,5,1032.83,Yes,Yes,Flat,34453.53,1,Urban,2362.5883008
592,3,4,675.74,Yes,Yes,Not Flat,21394.01,1,Urban,2607.7629363
593,1,3,956.4,Yes,Yes,Not Flat,13342.48,2,Rural,1518.1777923
594,2,9,835.64,No,Yes,Not Flat,19603.28,0,Urban,1464.5658177
595,1,5,689.15,No,Yes,Flat,30570.0,2,Urban,2523.3444590999998
596,2,5,875.28,No,Yes,Not Flat,28512.28,2,Urban,2099.459847
597,3,2,750.75,No,Yes,Flat,17242.08,1,Urban,1776.8142246
598,3,6,751.4,No,No,Flat,21288.94,2,Urban,2417.4980211
599,2,2,852.38,No,Yes,Not Flat,25600.11,2,Rural,1187.5647336
600,1,4,677.17,No,No,Not Flat,22290.57,2,Urban,1717.8693996
601,3,3,1027.08,No,No,Not Flat,13333.28,1,Rural,654.1390914
602,2,1,967.37,No,Yes,Not Flat,28745.23,2,Urban,2016.5149785
603,1,4,688.61,Yes,Yes,Not Flat,4994.76,0,Urban,2291.8950384
604,3,6,770.58,No,No,Not Flat,11919.18,1,Urban,1856.2661397
605,0,3,649.56,Yes,Yes,Not Flat,24884.65,0,Urban,1959.0319776
606,2,4,811.69,No,Yes,Flat,39518.02,2,Rural,1497.4624008
607,2,4,766.01,Yes,Yes,Flat,16610.41,0,Urban,2189.6314458
608,4,6,893.72,No,Yes,Flat,24822.96,0,Rural,1129.3560597
609,2,5,750.74,No,Yes,Not Flat,29119.48,1,Urban,1700.9132979
610,1,5,841.03,Yes,Yes,Not Flat,28153.11,3,Rural,2397.4636191
611,2,4,1015.02,No,Yes,Not Flat,37069.58,0,Urban,1662.7974549
612,2,8,825.89,Yes,Yes,Not Flat,31592.5,0,Urban,2264.187804
613,2,5,753.92,No,Yes,Flat,13236.41,1,Urban,2062.2661986000003
614,0,7,703.67,No,Yes,Flat,26051.29,1,Urban,2060.4785693999997
615,3,8,711.82,No,Yes,Flat,19788.33,1,Urban,2035.2046854
616,4,3,732.57,No,No,Flat,23679.47,0,Urban,1680.8613603000001
617,3,2,864.51,No,Yes,Flat,25012.42,0,Urban,1442.4980538
618,3,4,724.01,No,No,Not Flat,34647.94,1,Urban,1551.4722284999998
619,3,0,747.69,No,Yes,Flat,26251.25,2,Urban,2274.9402648
620,4,5,757.58,No,Yes,Not Flat,18735.41,3,Urban,2145.7861332
621,2,6,669.82,Yes,Yes,Flat,13241.11,1,Urban,2481.1716791999997
622,2,4,511.18,No,No,Flat,24732.64,0,Urban,1238.9064654
623,1,5,390.65,Yes,Yes,Flat,21047.34,3,Urban,2952.1163406
624,3,6,665.16,Yes,Yes,Not Flat,19141.79,1,Urban,2215.2749154
625,2,7,944.15,No,Yes,Not Flat,49063.95,1,Urban,1832.3329248
626,1,3,443.63,No,Yes,Flat,20706.53,1,Urban,2146.9268541
627,1,2,684.1,Yes,Yes,Not Flat,28602.42,1,Rural,1514.1834294
628,2,8,682.47,No,Yes,Not Flat,28083.17,1,Urban,1609.2483768
629,3,2,729.58,No,Yes,Flat,24148.75,3,Urban,2805.0253605
630,2,4,1033.89,No,Yes,Flat,33497.88,1,Urban,2201.8486832999997
631,1,5,525.89,No,Yes,Not Flat,31088.66,1,Rural,1043.1965616
632,-1,8,696.99,No,Yes,Flat,13396.89,0,Rural,967.1453177999999
633,3,3,761.02,No,No,Flat,35086.09,1,Urban,1561.9726887000002
634,2,7,746.7,No,Yes,Not Flat,16581.48,0,Rural,901.3006362000001
635,1,6,694.81,No,Yes,Flat,31686.0,2,Rural,1699.9452261000001
636,2,6,761.41,Yes,No,Flat,34722.1,1,Rural,1253.8937045999999
637,3,0,724.04,Yes,Yes,Not Flat,30385.25,1,Urban,2414.6673711000003
638,4,5,545.39,Yes,Yes,Not Flat,20700.19,0,Rural,1059.7998171
639,4,6,835.63,No,Yes,Not Flat,11469.2,2,Urban,2154.6676908
640,1,2,1004.55,No,Yes,Flat,18973.76,1,Rural,1083.9416469
641,3,3,776.97,No,No,Flat,27194.27,2,Urban,1781.0236638
642,4,9,770.0,No,Yes,Flat,26072.34,0,Urban,1865.7683541
643,1,4,834.24,No,Yes,Flat,31470.86,1,Urban,2327.7794231999997
644,0,5,543.82,No,Yes,Not Flat,21678.79,2,Rural,1427.6086506
645,2,4,863.94,No,Yes,Flat,28760.84,3,Urban,2767.6514916
646,1,9,1040.6,No,Yes,Flat,27620.24,0,Rural,1339.36737
647,2,4,989.18,No,No,Flat,12491.63,0,Urban,1815.6285114
648,3,5,615.59,Yes,No,Flat,27163.95,1,Rural,1513.4634033
649,1,4,706.03,Yes,Yes,Not Flat,24016.9,2,Rural,1890.5914122
650,3,8,867.52,Yes,Yes,Flat,20593.2,0,Rural,1751.1691677
651,4,4,724.42,Yes,Yes,Flat,29061.4,1,Urban,2609.4779079
652,3,6,771.15,No,Yes,Not Flat,13999.58,2,Rural,1086.448941
653,1,2,883.09,Yes,Yes,Flat,21622.9,1,Urban,2528.889615
654,2,6,874.2,No,No,Not Flat,36903.03,1,Rural,1190.6998656
655,2,7,889.54,Yes,Yes,Not Flat,41049.77,0,Rural,1250.3356683
656,1,3,644.34,No,Yes,Not Flat,29411.13,1,Rural,1047.9991719
657,3,6,723.02,No,No,Flat,25843.01,0,Rural,732.0518079000001
658,3,-1,673.71,No,Yes,Flat,30987.64,0,Urban,1532.0736276
659,3,7,832.49,No,Yes,Not Flat,10054.41,1,Rural,1100.9583882
660,1,6,896.52,Yes,Yes,Flat,10853.42,0,Urban,2306.7766854
661,3,1,773.71,No,No,Flat,16025.37,0,Urban,1215.8583204000001
662,2,2,872.1,No,Yes,Flat,14693.76,2,Urban,2086.5100086
663,4,4,751.46,No,Yes,Not Flat,29637.91,2,Urban,2162.7067416
664,3,3,1118.29,No,Yes,Not Flat,5037.37,1,Urban,1818.0236388
665,3,3,1007.11,Yes,Yes,Not Flat,16240.07,1,Urban,2338.0498973999997
666,2,4,680.77,No,Yes,Not Flat,33587.08,1,Urban,1559.703102
667,1,7,804.29,No,Yes,Not Flat,33096.67,1,Urban,2161.7790819
668,2,9,996.07,Yes,Yes,Not Flat,23587.13,3,Rural,2234.9739288
669,2,2,767.13,Yes,Yes,Flat,25828.96,1,Rural,1656.2107674000001
670,3,5,1189.12,No,Yes,Not Flat,23070.28,0,Urban,1421.4613602
671,3,8,998.26,No,Yes,Not Flat,13845.18,1,Urban,2152.8402744
672,2,4,890.88,Yes,Yes,Not Flat,42381.17,1,Rural,1472.5518141
673,2,3,541.84,No,Yes,Not Flat,1220.02,2,Urban,2245.0327506000003
674,2,4,871.99,No,No,Flat,34261.62,1,Rural,1192.0791684
675,1,6,537.8,Yes,No,Flat,14009.7,4,Urban,3251.180673
676,1,5,813.13,No,Yes,Not Flat,21015.26,2,Urban,1922.7451209
677,2,7,842.86,No,Yes,Flat,19564.25,1,Urban,1806.3067038
678,2,3,971.81,Yes,Yes,Flat,34339.53,3,Rural,2465.6481285
679,0,3,872.07,No,Yes,Not Flat,27389.26,2,Urban,1923.9627314999998
680,1,6,769.82,No,Yes,Not Flat,32041.19,0,Urban,1672.2110334
681,3,8,640.76,Yes,Yes,Not Flat,18882.26,0,Urban,2244.9969879
682,1,6,1129.49,No,Yes,Not Flat,25438.6,3,Urban,2586.2362761
683,1,6,523.18,No,Yes,Flat,13750.91,0,Urban,1422.0050496
684,2,5,842.97,No,Yes,Not Flat,16908.09,3,Urban,2419.4787429000003
685,1,4,605.37,No,No,Not Flat,20308.74,1,Rural,1029.3914544
686,1,6,889.07,No,Yes,Not Flat,17023.78,0,Rural,921.6968532000001
687,2,7,1002.39,Yes,Yes,Flat,24347.73,2,Urban,2791.2174591000003
688,3,10,875.56,No,No,Flat,24743.19,1,Urban,2048.0154285
689,2,5,633.56,Yes,Yes,Flat,28722.73,0,Rural,1661.2835154000002
690,1,7,691.1,Yes,Yes,Not Flat,25467.6,1,Urban,2566.5491604
691,2,5,806.86,No,Yes,Not Flat,25091.68,3,Urban,2401.2506025
692,1,5,853.32,Yes,Yes,Flat,42468.81,2,Urban,2907.7163664
693,2,2,700.66,No,Yes,Not Flat,20510.12,0,Urban,1661.1233655
694,2,4,984.69,No,No,Not Flat,37668.45,0,Urban,1178.5860189
695,3,6,679.75,Yes,No,Not Flat,14771.53,3,Urban,2661.350373
696,1,6,865.22,Yes,Yes,Flat,15528.65,0,Rural,1753.4597724
697,1,4,840.52,No,No,Not Flat,41247.78,2,Urban,1928.3421942
698,1,4,613.78,No,Yes,Not Flat,27295.77,2,Urban,1913.0376947999998
699,3,3,905.05,Yes,No,Flat,45935.96,1,Urban,2360.9716002
700,2,7,1047.0,No,Yes,Flat,3359.25,0,Urban,1689.3608076
701,1,2,1091.52,No,No,Not Flat,38467.38,2,Urban,1799.7513732000002
702,1,6,558.97,No,Yes,Flat,26922.51,2,Urban,2601.6341604
703,1,6,1119.47,No,Yes,Flat,16472.94,1,Urban,2157.4571739
704,0,2,573.02,No,Yes,Not Flat,26570.86,1,Urban,1623.3242931
705,0,4,1109.07,No,Yes,Not Flat,27082.45,2,Urban,2339.6599883999997
706,1,6,849.33,No,No,Flat,21189.48,3,Rural,1461.7552289999999
707,2,6,799.96,Yes,Yes,Flat,32253.73,1,Urban,2417.9129408999997
708,3,5,777.46,Yes,Yes,Not Flat,20678.7,1,Rural,1356.6515292000001
709,2,2,984.38,No,Yes,Not Flat,30375.05,2,Rural,1517.3576172
710,2,4,888.96,No,Yes,Not Flat,22313.49,0,Urban,1905.1047372000003
711,1,6,847.09,No,Yes,Flat,30523.26,2,Rural,1578.5939013000002
712,3,7,579.13,No,Yes,Flat,18816.96,2,Rural,1763.9794998
713,2,4,768.52,Yes,No,Not Flat,12245.13,0,Urban,1783.6949015999999
714,1,5,862.96,No,Yes,Flat,30335.85,0,Rural,705.2636658
715,2,5,648.93,No,Yes,Not Flat,25351.52,1,Urban,2197.6040003999997
716,3,5,894.94,No,Yes,Flat,44634.72,0,Urban,1908.3891519000001
717,2,5,961.45,Yes,Yes,Not Flat,13474.32,0,Rural,1282.9721757
718,3,6,877.3,Yes,Yes,Not Flat,21952.31,2,Urban,2431.8764304
719,2,1,834.1,No,Yes,Not Flat,20873.18,0,Urban,1286.4788757000001
720,1,5,680.21,No,Yes,Not Flat,30484.49,0,Urban,1485.5410548
721,3,6,785.44,Yes,Yes,Not Flat,33992.03,0,Rural,1530.5627802000001
722,3,6,844.47,No,Yes,Not Flat,18796.71,0,Urban,1351.3108253999999
723,0,5,715.93,No,Yes,Flat,20897.96,1,Urban,1943.8304583
724,3,1,741.72,No,No,Not Flat,30486.35,3,Rural,1621.5424089
725,1,6,1056.3,No,Yes,Not Flat,33057.16,2,Urban,1952.9930348999999
726,2,2,775.24,Yes,No,Not Flat,34972.12,1,Urban,1905.8964078000001
727,3,6,681.24,No,Yes,Flat,16854.39,1,Rural,1162.7814795
728,3,7,944.98,Yes,Yes,Flat,23591.03,1,Urban,2416.3448982
729,2,4,1128.0,No,Yes,Flat,37439.39,1,Urban,1932.4336023
730,2,6,809.14,No,Yes,Not Flat,11989.09,1,Urban,1723.8806739000001
731,2,7,847.06,Yes,Yes,Not Flat,31317.85,1,Rural,1935.5451540000001
732,2,2,924.05,Yes,No,Not Flat,37.78,0,Urban,2008.4195304
733,0,4,638.7,No,No,Flat,22741.98,1,Urban,1819.6942205999999
734,3,3,677.62,Yes,Yes,Not Flat,16189.31,2,Rural,2108.3351277
735,1,6,789.43,No,Yes,Flat,45243.6,0,Urban,2081.4739412999998
736,1,6,1113.17,No,Yes,Not Flat,22116.9,2,Rural,1212.2489709000001
737,2,2,745.55,No,No,Flat,14794.44,0,Urban,1226.5058784
738,3,4,485.29,Yes,No,Not Flat,25695.76,1,Rural,1340.7377706
739,2,6,968.84,No,Yes,Flat,9788.09,1,Urban,2305.1102039999996
740,1,6,866.08,Yes,Yes,Not Flat,12959.37,1,Urban,2344.5717399
741,3,10,496.23,No,Yes,Not Flat,15633.05,1,Rural,1365.1477212
742,1,8,666.17,No,Yes,Flat,50110.52,2,Urban,2227.1394453
743,2,5,503.2,Yes,Yes,Not Flat,21514.42,2,Urban,2707.891392
744,1,2,845.99,No,Yes,Not Flat,18394.7,0,Urban,1713.1196357999997
745,2,6,756.78,Yes,No,Not Flat,25382.09,0,Rural,971.8730337000001
746,2,4,693.64,Yes,Yes,Not Flat,22786.52,1,Urban,2464.3914882
747,3,6,1005.53,Yes,Yes,Not Flat,28894.24,3,Urban,2751.6446508
748,3,4,882.3,Yes,Yes,Flat,22055.03,0,Urban,2477.1149330999997
749,2,3,876.92,No,Yes,Not Flat,35764.37,1,Urban,1744.4561412000003
750,1,6,701.75,No,Yes,Not Flat,17440.23,0,Rural,867.7128983999999
751,3,4,784.66,Yes,Yes,Not Flat,22990.62,1,Rural,1240.3595916
752,2,3,808.05,No,Yes,Flat,11855.19,0,Urban,1510.2843237
753,2,3,653.71,Yes,Yes,Not Flat,32657.08,0,Rural,1458.2967543
754,3,1,593.11,Yes,No,Not Flat,36125.38,0,Rural,1236.5495715000002
755,2,6,503.58,No,Yes,Not Flat,25547.56,3,Rural,1527.5082708
756,3,10,885.17,Yes,Yes,Not Flat,40972.21,1,Rural,1517.7553116000001
757,2,4,724.91,No,No,Flat,15450.67,0,Urban,1596.3948303
758,3,6,510.57,No,Yes,Flat,25751.31,2,Rural,1636.3017543
759,1,4,739.46,Yes,Yes,Not Flat,37974.81,3,Rural,2356.9383975
760,2,5,659.68,No,No,Flat,27161.28,1,Urban,1762.7584668
761,0,4,591.84,No,Yes,Not Flat,26173.34,1,Rural,916.10649
762,4,7,877.12,No,Yes,Not Flat,38695.89,1,Rural,1028.102823
763,3,4,854.5,No,Yes,Flat,-1177.42,2,Urban,2083.6075233
764,2,6,824.3,No,Yes,Not Flat,33636.63,1,Urban,2077.3049808
765,2,6,862.32,Yes,No,Not Flat,36173.24,1,Urban,2295.0526356
766,0,7,775.05,Yes,No,Flat,19339.03,1,Rural,1782.6211293
767,3,5,717.65,Yes,Yes,Not Flat,35729.31,0,Rural,1248.8978576999998
768,1,-1,803.67,No,Yes,Flat,25087.46,0,Urban,1453.804542
769,4,3,812.58,No,Yes,Flat,28523.47,0,Urban,1569.5701445999998
770,2,1,1010.53,Yes,No,Not Flat,22346.64,2,Rural,1701.0990557999999
771,2,6,657.46,No,No,Not Flat,40556.07,3,Urban,2177.2021233
772,4,4,813.22,No,Yes,Flat,17441.35,0,Urban,1607.4144423000002
773,2,4,749.95,No,Yes,Not Flat,48985.24,2,Rural,1423.0272603
774,1,7,867.51,No,Yes,Not Flat,34397.74,1,Urban,1964.0733357
775,3,4,603.76,No,No,Flat,27143.19,0,Urban,1312.9639674
776,2,4,780.69,Yes,Yes,Not Flat,13472.99,2,Urban,2765.027151
777,1,7,889.51,No,Yes,Flat,42581.85,2,Urban,2313.995055
778,4,6,956.65,Yes,No,Flat,22290.71,1,Urban,2141.7498818999998
779,3,3,767.03,No,Yes,Flat,13983.43,0,Urban,2012.6733876
780,3,6,844.71,Yes,Yes,Flat,31825.02,1,Urban,2454.2733078
781,1,5,1047.23,No,Yes,Not Flat,22144.56,0,Urban,1524.5379477000001
782,2,6,665.98,No,No,Not Flat,20282.97,0,Urban,1357.1056158000001
783,2,8,761.85,No,Yes,Flat,7716.81,3,Urban,2401.0658025
784,2,4,923.94,No,Yes,Not Flat,35159.91,2,Rural,1465.2109632
785,3,6,832.32,Yes,Yes,Flat,18419.07,0,Rural,1425.0820368
786,3,8,946.75,No,Yes,Not Flat,15911.63,1,Urban,2188.5873819
787,4,6,838.62,No,Yes,Not Flat,31661.56,0,Rural,803.3338547999999
788,3,4,895.81,No,Yes,Not Flat,21977.73,2,Urban,2390.8691480999996
789,4,4,996.57,No,No,Not Flat,26294.83,0,Urban,1129.8693786
790,4,5,657.8,Yes,No,Flat,27780.65,1,Rural,1468.0095231
791,2,9,990.99,Yes,Yes,Not Flat,22734.82,2,Rural,2071.1740068
792,2,4,599.81,No,No,Not Flat,13762.18,1,Rural,792.8695307999999
793,0,8,811.26,No,Yes,Not Flat,20312.57,1,Urban,2225.4446811
794,1,3,991.18,Yes,Yes,Not Flat,6049.17,0,Rural,1374.729147
795,2,10,858.17,Yes,No,Not Flat,13232.88,1,Rural,1316.5790283000001
796,1,9,873.78,No,No,Not Flat,12998.57,0,Rural,786.404802
797,3,5,801.2,No,No,Flat,37571.74,0,Rural,1036.6453194
798,2,5,802.11,No,Yes,Not Flat,10244.49,2,Urban,2137.3642221
799,1,4,663.42,Yes,No,Flat,51774.67,2,Urban,2683.5122834999997
800,2,6,748.92,No,No,Flat,16826.39,1,Urban,1874.3575382999998
801,2,4,759.56,No,Yes,Flat,17279.51,1,Urban,2005.2936039
802,2,5,975.06,No,Yes,Flat,14725.77,0,Rural,1233.6570156
803,0,10,659.02,No,No,Not Flat,9712.83,0,Urban,1226.2808493
804,3,5,802.68,No,No,Not Flat,27474.05,1,Urban,1471.9063416
805,2,5,641.03,No,Yes,Not Flat,24266.75,0,Urban,1510.7179596
806,3,5,901.75,Yes,No,Not Flat,33231.86,1,Rural,1529.1584016
807,4,5,599.01,No,No,Not Flat,28939.04,2,Rural,1296.4070508
808,1,3,878.66,No,Yes,Not Flat,36984.67,0,Rural,819.4380603
809,0,7,937.42,Yes,No,Flat,17018.37,0,Urban,2119.7606919
810,3,7,669.21,No,No,Not Flat,7597.14,2,Urban,2162.8234293
811,2,1,901.34,No,Yes,Not Flat,39718.99,1,Rural,909.7195971
812,2,6,828.78,No,Yes,Not Flat,16265.12,1,Urban,1840.3044912
813,1,2,972.73,Yes,No,Flat,28861.85,0,Urban,2042.4333686999998
814,2,3,693.11,No,Yes,Not Flat,25254.15,2,Rural,1445.8815885
815,2,6,881.52,No,Yes,Flat,20805.04,1,Urban,1865.8743786
816,1,4,747.96,No,No,Not Flat,32192.83,1,Rural,627.4725168
817,1,5,781.8,Yes,Yes,Not Flat,5681.86,0,Rural,989.2549782
818,1,4,897.21,No,No,Not Flat,32319.97,2,Urban,1652.7987693
819,1,4,926.78,No,Yes,Flat,33504.17,0,Urban,1849.7827524000002
820,3,3,901.47,Yes,Yes,Flat,19740.48,1,Urban,2162.1236375999997
821,2,5,838.58,No,Yes,Flat,25174.6,0,Urban,1929.8362839000001
822,2,7,801.08,No,Yes,Not Flat,25772.23,3,Urban,2217.8296752
823,4,3,770.08,No,Yes,Not Flat,22386.58,2,Urban,2142.2477301
824,1,7,744.79,Yes,No,Flat,21717.13,2,Urban,2221.9627379999997
825,5,6,862.18,Yes,Yes,Flat,42080.48,0,Urban,2619.9453246000003
826,2,1,594.97,No,No,Not Flat,19945.75,1,Urban,1296.1694904
827,2,6,581.92,Yes,Yes,Flat,31671.12,0,Urban,2104.7580468
828,3,5,828.86,No,Yes,Flat,32097.76,0,Rural,1289.5761923999999
829,1,4,664.27,No,Yes,Not Flat,37591.87,2,Urban,2281.1545257
830,3,5,980.25,No,Yes,Flat,9111.69,2,Rural,1326.7359582000001
831,3,3,733.35,Yes,Yes,Not Flat,23763.85,0,Urban,2142.6749097
832,1,4,793.23,No,No,Not Flat,32791.1,0,Rural,458.4194982
833,2,-1,594.82,No,Yes,Not Flat,34875.33,1,Urban,1676.0950656
834,3,6,882.81,No,Yes,Not Flat,13983.82,1,Urban,1677.3951948
835,1,5,993.6,No,Yes,Not Flat,18839.05,0,Urban,1473.8033664
836,4,0,856.25,Yes,No,Not Flat,24394.06,2,Urban,2124.0685659
837,3,8,947.1,Yes,Yes,Not Flat,33000.41,1,Rural,1576.4737413
838,1,5,755.23,No,Yes,Not Flat,27605.69,1,Rural,1327.8443706
839,1,4,952.53,No,Yes,Flat,21533.11,1,Urban,1801.8914424
840,0,3,906.35,No,Yes,Not Flat,13662.8,2,Rural,1354.2715053000002
841,2,2,516.37,No,Yes,Not Flat,20040.11,2,Rural,1592.6001267000001
842,4,3,906.07,Yes,Yes,Not Flat,31143.81,0,Rural,1052.0667294
843,1,2,828.02,No,Yes,Flat,32351.24,0,Urban,1703.2772862
844,2,2,1000.18,No,Yes,Flat,19160.32,2,Urban,2494.5959931
845,3,1,940.05,No,Yes,Flat,24975.39,2,Rural,1764.7599621
846,3,3,802.81,No,No,Not Flat,25520.17,2,Urban,1623.1235417999999
847,3,0,1175.71,Yes,Yes,Flat,40163.85,0,Urban,2551.8522768000003
848,3,3,918.63,No,Yes,Flat,16998.43,3,Rural,1548.4115207999998
849,1,5,587.69,No,Yes,Not Flat,20956.92,1,Rural,1083.0905226
850,2,4,949.02,Yes,Yes,Flat,15645.13,2,Urban,2725.2335150999997
851,3,5,912.62,Yes,Yes,Not Flat,19487.56,2,Urban,2844.3732411
852,1,5,567.83,Yes,Yes,Not Flat,34357.78,1,Rural,1248.2589519
853,3,5,852.77,Yes,No,Not Flat,42164.38,1,Rural,1285.6016229
854,3,5,808.27,No,Yes,Flat,42973.79,3,Urban,2617.0532859
855,2,5,630.08,Yes,Yes,Not Flat,22784.23,0,Urban,1827.6851951999997
856,2,5,1113.18,No,Yes,Flat,27659.79,3,Rural,1803.9709835999997
857,3,5,785.79,Yes,Yes,Flat,33916.8,0,Urban,2074.4880678
858,1,2,854.04,Yes,Yes,Flat,8560.56,0,Rural,1161.6077322
859,1,5,667.43,No,Yes,Not Flat,16639.28,1,Urban,1955.5457222999999
860,0,7,478.33,No,Yes,Flat,19062.14,0,Urban,1507.0871118
861,2,5,701.43,Yes,Yes,Flat,12857.82,0,Rural,1100.9268603
862,2,5,1000.44,No,Yes,Not Flat,28649.43,1,Rural,857.1158198999999
863,3,4,887.57,No,Yes,Not Flat,23856.6,0,Urban,1805.3395236
864,2,6,637.27,No,No,Not Flat,28094.45,0,Urban,1457.8063563
865,3,4,733.62,No,Yes,Flat,30381.49,2,Urban,2247.4149189
866,3,5,761.19,No,No,Flat,33356.46,2,Rural,1612.7812562999998
867,2,7,840.13,No,Yes,Flat,35397.42,2,Urban,2283.7927245
868,2,5,739.0,Yes,No,Flat,23731.51,0,Rural,1104.7830669
869,2,6,488.35,No,No,Flat,12436.41,1,Urban,1740.7684737
870,0,3,1024.82,No,Yes,Flat,28876.67,1,Urban,1841.3107266
871,2,6,965.2,No,Yes,Not Flat,33363.39,1,Urban,2237.4292896
872,0,5,968.65,Yes,Yes,Flat,47904.37,3,Urban,3284.286435
873,3,6,838.25,No,Yes,Flat,22592.39,0,Urban,1953.7517109
874,1,3,610.17,No,Yes,Not Flat,28660.04,1,Urban,1589.257701
875,3,7,532.29,No,Yes,Flat,20281.78,0,Rural,1018.3985184
876,1,6,984.05,Yes,No,Flat,9627.81,1,Rural,1696.4622663
877,3,4,873.78,No,Yes,Flat,5565.5,0,Rural,899.9767101
878,2,4,777.78,No,Yes,Not Flat,25425.08,2,Urban,2039.0011931999998
879,2,6,705.26,Yes,Yes,Not Flat,22377.23,2,Urban,2413.3807695
880,3,3,647.53,No,Yes,Flat,33074.14,3,Rural,1581.8253267
881,2,3,952.8,No,Yes,Flat,39609.7,2,Urban,2568.6942903
882,1,6,622.23,Yes,Yes,Not Flat,27623.69,0,Urban,2042.5886114999998
883,1,7,970.66,No,Yes,Flat,26338.22,3,Urban,2406.493149
884,0,6,918.08,No,Yes,Not Flat,19449.26,0,Rural,677.4891699
885,1,1,808.88,Yes,No,Not Flat,19741.17,2,Urban,2441.2283631
886,2,4,755.45,No,No,Flat,31312.08,2,Rural,1594.9694531999999
887,2,8,626.27,No,Yes,Not Flat,4577.68,3,Rural,1599.7815914999999
888,2,5,563.0,No,No,Not Flat,34857.7,1,Urban,1504.6776201
889,0,6,817.24,Yes,Yes,Not Flat,23889.94,2,Urban,2739.3970074
890,1,6,896.96,No,Yes,Flat,11184.97,1,Urban,2124.1767935999997
891,3,7,874.27,No,Yes,Not Flat,31211.12,0,Urban,1927.4947481999998
892,2,6,1034.24,Yes,Yes,Flat,7775.47,1,Urban,2471.2701339
893,1,5,898.03,Yes,Yes,Not Flat,11325.19,3,Urban,3091.5778739999996
894,1,6,880.51,Yes,Yes,Flat,32511.01,2,Urban,2963.5612911
895,1,4,905.65,No,Yes,Not Flat,56355.95,2,Rural,1730.9948586
896,3,5,646.24,Yes,Yes,Flat,19332.0,3,Rural,2548.2818733000004
897,3,7,673.25,No,No,Not Flat,20910.94,2,Urban,1859.6043516
898,1,6,702.43,Yes,No,Not Flat,24957.63,2,Urban,2623.9654221
899,2,5,778.53,No,Yes,Not Flat,28011.26,0,Urban,1415.0578406999998
900,3,2,603.58,No,Yes,Not Flat,28243.32,0,Rural,673.7757528
901,3,1,1077.31,No,Yes,Flat,8382.92,1,Urban,1949.1255771
902,0,5,868.31,Yes,No,Not Flat,31608.86,0,Rural,815.0741967000001
903,2,9,746.65,No,Yes,Flat,23299.5,2,Urban,2462.5278939
904,0,6,925.72,No,Yes,Not Flat,30721.85,0,Rural,1044.4233129
905,2,9,674.48,Yes,Yes,Flat,27319.21,2,Urban,2717.6195016
906,2,6,905.64,Yes,Yes,Not Flat,28407.03,0,Urban,1923.7214145
907,0,5,999.06,No,Yes,Not Flat,30210.45,1,Urban,2198.7264791999996
908,3,4,854.33,No,Yes,Not Flat,18918.92,3,Urban,2362.3352907
909,2,5,813.5,No,Yes,Not Flat,33164.3,1,Urban,1789.6179009000002
910,3,4,505.88,No,No,Flat,24826.06,3,Rural,1862.4132972
911,2,4,761.86,No,Yes,Flat,7353.41,0,Rural,1094.8506573
912,2,2,767.74,Yes,Yes,Not Flat,17477.31,3,Rural,2148.0937080000003
913,2,1,752.08,Yes,Yes,Not Flat,30477.09,1,Rural,1639.5230493
914,2,7,1025.06,Yes,No,Flat,17823.67,1,Rural,1827.3104166000003
915,3,6,753.75,Yes,Yes,Flat,11728.32,4,Urban,3308.9823269999997
916,1,5,861.68,Yes,Yes,Not Flat,35897.48,1,Rural,1632.6727056
917,1,3,811.09,No,Yes,Flat,36398.05,1,Rural,1568.5065470999998
918,2,6,901.94,Yes,Yes,Flat,33624.6,2,Rural,2064.4763922
919,2,9,983.6,Yes,Yes,Not Flat,26546.3,2,Rural,1794.4243499999998
920,0,7,926.45,Yes,No,Flat,27785.45,2,Urban,2322.1518381
921,2,3,513.97,Yes,No,Not Flat,24447.93,2,Rural,1446.9145664999999
922,2,6,742.55,Yes,Yes,Flat,25114.88,1,Rural,1799.7828882
923,3,6,767.65,No,Yes,Not Flat,35282.36,2,Rural,1572.9049149000002
924,3,5,711.94,No,Yes,Not Flat,18470.96,1,Urban,2150.7066099
925,3,6,847.1,Yes,Yes,Not Flat,32952.39,0,Urban,2079.475935
926,3,5,698.63,No,Yes,Flat,26337.36,1,Urban,2193.6209988
927,4,4,729.31,No,Yes,Flat,10395.27,0,Rural,917.9987073
928,1,5,1023.66,No,Yes,Not Flat,12826.64,1,Urban,2164.6480887
929,1,3,802.89,Yes,Yes,Not Flat,21307.33,1,Urban,2297.637414
930,1,8,841.62,Yes,Yes,Not Flat,23764.01,2,Rural,1811.3501330999998
931,2,5,879.25,No,No,Flat,12596.85,0,Rural,818.3741637
932,2,5,367.73,No,No,Not Flat,14814.95,0,Rural,263.5555491
933,2,3,457.71,No,Yes,Not Flat,10398.38,2,Rural,1370.3874468000001
934,3,4,1025.59,No,Yes,Flat,41559.87,0,Rural,817.7225196
935,2,2,639.22,No,Yes,Not Flat,29826.67,1,Urban,1680.2820425999998
936,3,5,912.02,Yes,Yes,Not Flat,33736.56,0,Rural,1059.0733503000001
937,3,6,1112.99,No,Yes,Flat,15430.48,0,Rural,1339.679634
938,0,10,1019.64,No,Yes,Not Flat,6031.98,2,Urban,2459.0691975
939,2,0,708.78,No,Yes,Flat,24223.22,2,Urban,2079.2342961000004
940,2,4,841.29,Yes,Yes,Not Flat,6165.27,2,Rural,1640.2050309
941,2,4,758.89,Yes,Yes,Not Flat,12919.84,1,Rural,1728.6463248
942,1,5,668.13,Yes,Yes,Not Flat,15481.44,1,Urban,1975.1375169000003
943,4,5,470.52,No,Yes,Not Flat,22726.77,2,Urban,2013.3916143
944,2,4,953.72,No,Yes,Not Flat,27690.35,1,Urban,1667.0342354999998
945,3,0,772.57,Yes,Yes,Flat,12317.68,0,Urban,2448.9713967000002
946,2,6,780.34,No,Yes,Flat,41016.55,1,Rural,1235.7339867
947,3,8,1024.32,No,Yes,Not Flat,29350.88,2,Urban,2280.2249118
948,1,4,1025.35,Yes,Yes,Flat,12059.17,1,Rural,2026.3085646
949,0,5,795.34,Yes,Yes,Not Flat,22724.75,2,Rural,2034.7619516999998
950,2,5,945.22,Yes,Yes,Flat,13217.15,2,Urban,2445.5063259
951,1,4,912.46,Yes,Yes,Not Flat,26579.64,2,Urban,2928.5145696
952,2,7,697.37,No,Yes,Flat,18812.34,1,Urban,1904.5378896000002
953,2,8,983.43,No,No,Flat,22657.68,4,Rural,1587.3659475
954,2,2,819.78,Yes,Yes,Not Flat,21991.53,0,Urban,1910.6532879
955,2,5,678.51,No,Yes,Flat,14150.45,1,Rural,1186.2099996000002
956,2,3,527.7,No,Yes,Not Flat,43204.74,1,Urban,1725.0112122
957,2,9,863.06,Yes,Yes,Flat,22622.14,1,Urban,2438.9484903000002
958,3,5,692.49,Yes,Yes,Flat,39477.18,1,Rural,2070.3079035
959,2,5,670.01,Yes,Yes,Flat,36959.48,1,Rural,1617.091695
960,3,7,710.0,Yes,Yes,Flat,19662.06,0,Rural,1643.5737564
961,2,5,954.01,No,No,Flat,27990.39,0,Rural,810.7778829000001
962,2,6,631.54,No,Yes,Flat,32046.17,2,Urban,2464.7154471
963,2,6,783.75,Yes,Yes,Flat,8970.35,0,Urban,2304.1372668
964,0,7,602.31,No,No,Flat,9072.79,1,Rural,1255.3329897
965,3,0,1060.11,No,Yes,Flat,33817.84,1,Urban,1968.505314
966,2,2,762.18,Yes,Yes,Not Flat,35141.26,2,Urban,2358.9537093
967,3,8,824.74,Yes,Yes,Flat,23400.22,1,Rural,2047.2847023000002
968,3,4,615.35,No,Yes,Not Flat,33954.6,2,Urban,2177.9109405
969,2,6,996.64,No,No,Not Flat,21220.11,0,Urban,1485.4610129999999
970,2,3,903.62,Yes,Yes,Flat,38243.86,0,Urban,2380.0269336
971,2,5,686.9,Yes,Yes,Not Flat,29489.46,2,Urban,2812.8634389
972,2,4,976.34,No,No,Not Flat,3507.86,1,Urban,1433.2844364
973,2,7,729.12,No,Yes,Not Flat,29066.2,0,Urban,1965.6454896
974,3,3,829.61,No,Yes,Not Flat,29728.82,1,Urban,1704.2763093
975,1,8,909.63,Yes,Yes,Flat,10084.09,1,Urban,2560.3280088
976,2,8,748.83,No,No,Not Flat,12819.36,2,Rural,988.3659737999999
977,2,2,1025.77,No,Yes,Flat,24293.56,2,Rural,1430.0490321
978,4,7,1049.08,Yes,Yes,Not Flat,33978.15,0,Urban,2388.3961911
979,2,7,818.59,Yes,No,Not Flat,32710.94,0,Urban,1626.389772
980,1,7,998.02,Yes,Yes,Not Flat,11903.62,2,Urban,2443.0881597
981,0,5,787.6,No,Yes,Not Flat,26472.36,2,Urban,1977.2106621000003
982,3,4,671.4,No,Yes,Flat,30461.42,0,Rural,940.3860582
983,2,4,925.83,No,Yes,Not Flat,36063.58,2,Rural,1424.0856897
984,2,4,721.09,No,Yes,Not Flat,37586.7,1,Rural,1434.3113874
985,3,5,621.65,No,Yes,Not Flat,36867.11,1,Urban,2064.4564089
986,3,5,904.32,No,Yes,Flat,22728.0,1,Rural,1614.3096329999998
987,2,3,734.66,No,Yes,Not Flat,15053.63,1,Urban,1553.9271741
988,1,5,652.64,Yes,Yes,Flat,35364.15,1,Urban,2352.6987297
989,3,4,944.11,Yes,Yes,Not Flat,33446.94,1,Urban,2695.7382768
990,1,6,678.34,No,No,Flat,39175.03,0,Urban,1846.4458677
991,2,7,666.42,No,Yes,Flat,13412.74,0,Rural,997.6782530999999
992,1,4,602.24,Yes,Yes,Not Flat,43077.89,1,Urban,2164.8469221
993,3,4,872.51,No,Yes,Flat,13887.45,0,Urban,1487.5328571
994,2,6,816.3,No,Yes,Flat,39795.94,1,Rural,1585.3563207
995,3,0,991.31,No,Yes,Not Flat,12687.26,1,Urban,1967.6103336
996,2,5,847.97,No,Yes,Not Flat,39502.92,0,Rural,1063.4180796
997,2,4,660.94,Yes,No,Not Flat,10145.17,0,Urban,1705.9816485000001
998,1,1,814.75,No,Yes,Flat,15535.05,0,Urban,1960.2699408
999,1,6,835.43,No,No,Not Flat,22204.0,0,Urban,1613.4030138000003
1000,3,3,742.57,Yes,Yes,Flat,9675.93,2,Rural,1681.4443407
1001,1,5,952.99,No,Yes,Not Flat,35064.79,1,Urban,1899.8510358
1002,3,1,761.44,Yes,Yes,Flat,22292.44,0,Rural,1535.6374704
1003,0,5,861.32,Yes,Yes,Not Flat,12139.08,0,Rural,998.9761059
1004,1,8,731.61,No,Yes,Not Flat,17230.1,2,Urban,1974.856875
1005,0,5,837.24,No,Yes,Flat,24661.81,2,Urban,2379.7270368
1006,4,5,679.04,No,Yes,Not Flat,28184.43,1,Urban,1711.1485353000003
1007,3,4,1044.65,No,No,Flat,16912.69,2,Urban,1756.2155991
1008,2,4,713.9,Yes,No,Not Flat,26058.28,0,Urban,1959.6026054999998
1009,1,6,734.43,No,No,Not Flat,22545.5,2,Urban,1818.045414
1010,2,6,742.69,No,Yes,Not Flat,15670.76,0,Rural,668.2036248
1011,1,6,924.04,Yes,Yes,Not Flat,22527.33,0,Urban,1818.5519289000001
1012,0,3,776.62,No,Yes,Not Flat,32341.3,0,Urban,1584.8353422
1013,2,4,990.59,No,Yes,Flat,13084.35,0,Urban,1867.1457522
1014,2,7,870.61,No,Yes,Not Flat,31430.75,1,Urban,2269.9550877
1015,1,5,747.02,No,Yes,Not Flat,28595.98,0,Urban,1413.3853101
1016,3,5,699.01,No,No,Flat,44997.0,3,Rural,1376.5286382
1017,2,8,932.84,Yes,Yes,Not Flat,30009.93,1,Urban,2454.3805941
1018,4,4,573.69,No,Yes,Not Flat,32902.39,1,Rural,1066.3030038
1019,3,1,901.33,No,Yes,Flat,27090.16,2,Urban,2123.8980813
1020,1,6,902.07,Yes,Yes,Not Flat,11306.32,1,Rural,1750.6299731999998
1021,3,4,686.59,No,Yes,Flat,36352.99,1,Urban,1738.9755534
1022,1,4,860.28,No,No,Not Flat,7792.07,0,Urban,1589.0501756999997
1023,1,7,859.83,No,Yes,Flat,42003.43,1,Urban,2291.7333951
1024,2,6,773.65,No,Yes,Not Flat,30764.16,2,Urban,2085.1106061
1025,2,7,808.93,No,Yes,Flat,26083.57,1,Urban,1816.8233460000001
1026,3,2,890.69,Yes,Yes,Flat,17349.88,4,Urban,2983.9697325
1027,1,1,765.32,No,Yes,Flat,8315.34,0,Urban,1607.1032355
1028,1,2,657.97,Yes,Yes,Not Flat,28148.91,1,Urban,2134.0361199
1029,2,7,816.77,No,Yes,Flat,16817.74,1,Urban,2110.2284415
1030,3,5,988.62,No,Yes,Not Flat,30021.55,3,Urban,2193.6455397
1031,1,4,733.55,No,Yes,Flat,14935.76,2,Urban,2238.2992806
1032,3,6,682.75,No,Yes,Flat,14898.26,1,Urban,1804.2060426000003
1033,0,9,1009.31,Yes,Yes,Not Flat,26697.92,2,Rural,2146.7215386000003
1034,2,7,764.79,Yes,Yes,Flat,26101.9,0,Urban,2346.421563
1035,2,6,643.52,No,Yes,Not Flat,5829.41,1,Urban,1603.0927649999999
1036,2,5,554.38,No,No,Flat,28399.11,0,Rural,937.7238264
1037,3,5,823.05,No,Yes,Not Flat,32656.32,0,Urban,1835.6434470000002
1038,1,4,640.25,No,Yes,Not Flat,20463.3,0,Urban,1657.0436280000001
1039,4,5,689.76,Yes,No,Not Flat,26291.15,0,Rural,1048.8081846
1040,2,5,813.69,No,Yes,Flat,23541.2,1,Urban,1837.792281
1041,1,3,821.69,Yes,Yes,Not Flat,16745.65,1,Urban,2211.3925251
1042,3,3,664.68,Yes,No,Flat,32740.89,2,Urban,2620.9995963
1043,2,3,1054.58,Yes,Yes,Flat,21255.23,0,Urban,2088.9670641000002
1044,2,0,1042.81,No,No,Flat,39314.16,0,Rural,716.7005727000001
1045,3,5,929.46,No,Yes,Flat,16106.32,1,Urban,1776.2602011
1046,1,4,673.08,Yes,No,Flat,14214.36,2,Rural,1974.2182515
1047,1,5,713.62,No,Yes,Flat,36298.72,1,Urban,2082.5551326
1048,2,5,704.72,Yes,Yes,Flat,31749.91,2,Urban,2778.6562569
1049,1,4,794.74,No,No,Not Flat,6364.43,1,Urban,1868.6672672999998
1050,2,4,829.78,Yes,Yes,Flat,19835.2,2,Urban,3032.814174
1051,1,4,953.19,Yes,Yes,Flat,39489.23,1,Urban,2446.8407610000004
1052,1,5,585.55,No,No,Flat,20797.91,3,Rural,1695.6064677
1053,5,6,633.97,Yes,No,Flat,28202.39,0,Rural,1342.589916
1054,3,5,820.54,No,Yes,Not Flat,22586.51,0,Urban,1739.434914
1055,3,3,750.39,No,Yes,Not Flat,18681.58,3,Rural,1694.5535442
1056,2,2,672.37,Yes,Yes,Flat,19403.1,1,Urban,2410.0852632
1057,2,4,685.43,No,Yes,Not Flat,34816.79,0,Urban,1361.8460868
1058,3,2,662.29,No,Yes,Not Flat,36722.54,2,Rural,1284.0365055
1059,1,6,725.53,No,Yes,Not Flat,25109.88,3,Rural,1679.2282761
1060,1,0,878.69,No,Yes,Flat,15569.46,2,Urban,2464.9325754
1061,3,7,898.5,Yes,Yes,Not Flat,36884.89,2,Urban,2930.4577557000002
1062,3,7,893.27,No,Yes,Not Flat,16860.46,1,Urban,2077.2819291
1063,3,7,533.3,No,Yes,Flat,27626.36,0,Urban,1972.1815203
1064,1,8,518.49,Yes,Yes,Not Flat,30763.52,0,Urban,2028.3572448
1065,3,7,794.89,Yes,Yes,Not Flat,35189.49,2,Rural,2012.4581748
1066,2,8,711.53,No,No,Not Flat,37215.47,1,Rural,922.747533
1067,2,6,1010.55,No,Yes,Not Flat,27689.47,1,Rural,1321.6970643
1068,4,4,845.12,No,Yes,Not Flat,12264.5,1,Urban,1693.9666559999998
1069,1,7,714.65,Yes,Yes,Not Flat,24488.96,1,Rural,1701.8300313
1070,1,5,704.64,No,Yes,Flat,31282.86,0,Urban,1879.3519602
1071,2,2,690.69,No,Yes,Flat,14905.48,0,Urban,1994.7220167
1072,1,2,704.75,No,Yes,Flat,46993.0,0,Rural,1171.7958840000001
1073,2,4,873.04,Yes,Yes,Not Flat,22599.47,1,Rural,1576.6981752
1074,1,4,862.83,No,Yes,Flat,14622.24,2,Urban,1964.9908133999998
1075,4,6,534.35,No,Yes,Flat,45379.66,0,Urban,1901.8118154
1076,2,5,666.23,No,Yes,Not Flat,25393.47,1,Rural,986.475138
1077,3,8,780.66,Yes,No,Flat,28477.29,1,Urban,2182.2840978000004
1078,2,6,700.32,Yes,Yes,Not Flat,17418.74,2,Urban,2419.7811014999997
1079,2,6,388.17,No,Yes,Flat,9736.98,1,Urban,2071.9996332
1080,3,6,637.24,Yes,Yes,Flat,35536.9,0,Rural,1192.9053222
1081,2,3,868.51,No,Yes,Not Flat,30102.18,0,Urban,1860.4517514000001
1082,2,5,956.49,Yes,Yes,Flat,30233.2,1,Rural,1922.1795554999999
1083,3,8,613.67,No,Yes,Not Flat,21489.89,0,Rural,820.7886987
1084,2,5,556.77,No,Yes,Flat,33455.61,0,Rural,1299.5442348
1085,1,4,719.97,No,Yes,Flat,22954.06,0,Urban,1659.9890472000002
1086,1,4,722.55,Yes,No,Flat,49903.47,0,Rural,1520.7553896
1087,2,6,755.85,Yes,No,Not Flat,28414.45,2,Urban,2286.3485313
1088,2,4,912.5,Yes,Yes,Not Flat,29492.59,0,Rural,1642.5004605
1089,2,8,592.68,Yes,Yes,Flat,20542.24,1,Urban,2341.2690561
1090,-1,5,697.17,No,Yes,Flat,17804.39,2,Urban,2452.5446322000003
1091,2,4,631.85,Yes,Yes,Not Flat,29206.67,0,Rural,1337.1704541
1092,3,7,627.3,No,Yes,Not Flat,32568.9,0,Urban,1466.8149255
1093,2,5,686.0,No,Yes,Not Flat,12090.35,2,Urban,2288.2372872
1094,4,2,755.81,Yes,Yes,Not Flat,34541.06,2,Rural,2106.7751028000002
1095,3,2,875.98,No,Yes,Not Flat,24849.38,2,Rural,1603.8352905000002
1096,1,5,729.06,Yes,Yes,Not Flat,22456.58,1,Urban,2544.2723187
1097,2,3,698.35,No,No,Not Flat,37442.86,2,Rural,907.4736222
1098,2,5,621.6,Yes,Yes,Not Flat,27571.38,1,Rural,1263.4774665
1099,3,9,1123.53,No,Yes,Flat,33964.42,0,Urban,1679.906907
1100,3,5,486.17,No,Yes,Not Flat,18879.68,0,Rural,595.5463809
1101,3,10,810.5,No,Yes,Flat,39304.91,1,Urban,2446.1082134999997
1102,2,6,750.76,Yes,Yes,Not Flat,26952.99,2,Urban,2368.7743803
1103,2,4,1000.26,Yes,Yes,Flat,18076.23,0,Rural,1274.7493908
1104,0,8,758.0,Yes,Yes,Not Flat,24767.0,0,Rural,1319.1842652
1105,2,3,700.37,No,Yes,Flat,14199.3,3,Urban,2510.0681379000002
1106,3,5,674.38,No,Yes,Not Flat,14925.92,0,Urban,1473.6606627
1107,2,4,1021.58,No,Yes,Flat,36811.24,2,Rural,1275.2326932
1108,3,4,773.05,No,Yes,Not Flat,20515.14,0,Urban,1354.1167056
1109,2,8,969.13,Yes,Yes,Not Flat,10539.88,1,Rural,1318.8040758000002
1110,1,7,580.33,No,Yes,Not Flat,30949.12,1,Rural,1416.0051068999999
1111,1,4,751.24,No,Yes,Flat,24104.97,2,Urban,2505.5926062
1112,1,9,835.06,No,Yes,Flat,27876.39,2,Urban,2266.6133517
1113,1,2,984.48,Yes,Yes,Flat,29999.75,2,Urban,2520.8129085
1114,1,6,900.96,No,Yes,Not Flat,12476.47,1,Urban,1960.9649454
1115,2,4,701.95,No,Yes,Flat,31473.06,2,Urban,2484.8423586
1116,1,6,719.2,No,Yes,Not Flat,31574.87,1,Urban,1625.5643736000002
1117,2,4,742.02,Yes,Yes,Not Flat,28730.32,1,Rural,1810.0931480999998
1118,2,3,776.74,Yes,Yes,Flat,28498.21,1,Urban,2532.1129839
1119,3,2,651.79,No,Yes,Not Flat,31858.78,0,Urban,1531.2841887
1120,2,6,824.89,Yes,Yes,Flat,22751.5,0,Urban,2008.1125581000001
1121,-1,2,638.39,No,Yes,Not Flat,26305.76,2,Urban,2026.4497631999998
1122,2,5,1076.14,No,Yes,Flat,34651.95,2,Rural,1675.2631473000001
1123,3,7,579.55,Yes,Yes,Flat,23892.45,0,Rural,1373.2088868
1124,2,4,777.33,No,Yes,Not Flat,20522.84,1,Urban,2112.9504519
1125,2,0,549.85,No,No,Not Flat,23928.25,2,Urban,1833.7739139
1126,1,6,764.09,Yes,No,Flat,18017.78,2,Rural,1815.7623062999999
1127,2,6,879.51,Yes,Yes,Flat,22013.63,0,Rural,1267.6900086
1128,2,6,671.88,No,No,Flat,14134.17,1,Urban,1690.6241679
1129,2,7,887.91,Yes,Yes,Not Flat,20988.27,0,Urban,2174.5558515000002
1130,3,4,699.8,No,Yes,Flat,12241.93,0,Urban,1479.7697022
1131,1,6,850.87,Yes,Yes,Not Flat,3776.08,0,Urban,1956.8815650000001
1132,1,11,946.74,No,Yes,Flat,28819.03,2,Urban,2190.2715264
1133,3,7,549.72,No,Yes,Flat,41533.34,1,Rural,1670.4793212
1134,0,5,755.03,No,Yes,Not Flat,19693.19,1,Rural,785.8399224
1135,2,6,828.63,Yes,Yes,Flat,10699.02,2,Urban,2509.24401
1136,1,5,323.95,No,Yes,Not Flat,26295.5,1,Urban,1516.3309428
1137,3,6,683.29,No,Yes,Flat,23182.8,1,Rural,1523.9736192
1138,2,5,557.23,No,No,Not Flat,19273.03,0,Rural,591.2013435
1139,2,4,683.02,Yes,Yes,Flat,29193.07,1,Rural,1818.399309
1140,4,4,840.2,Yes,Yes,Not Flat,33580.57,0,Urban,1959.7522565999998
1141,1,8,970.75,No,Yes,Not Flat,32285.37,0,Rural,1103.904123
1142,3,2,929.79,Yes,No,Flat,24110.05,2,Rural,1964.9788794
1143,1,5,692.13,No,Yes,Not Flat,26348.19,2,Rural,1470.3530799
1144,1,1,878.83,No,Yes,Not Flat,34531.17,1,Rural,1115.1343656
1145,3,7,572.78,Yes,Yes,Flat,34099.98,1,Rural,1541.7843831
1146,2,4,840.06,No,Yes,Flat,20857.83,2,Urban,2339.5770603
1147,2,2,765.99,No,Yes,Not Flat,21128.67,2,Rural,1411.4239086
1148,2,6,627.91,Yes,Yes,Flat,21104.1,3,Rural,2470.885482
1149,3,6,884.14,Yes,Yes,Flat,25621.9,0,Rural,1840.4676057000001
1150,3,6,776.99,Yes,Yes,Not Flat,15962.89,1,Rural,1551.7479759
1151,2,8,567.36,Yes,Yes,Flat,12522.58,1,Urban,2689.9524741
1152,1,5,870.71,No,Yes,Flat,29910.62,3,Urban,2436.3636447
1153,2,4,1177.7,Yes,Yes,Flat,19366.43,3,Urban,2952.8065302
1154,1,5,950.5,No,Yes,Flat,15450.66,0,Rural,1244.1469827
1155,1,2,817.61,No,Yes,Not Flat,38734.51,1,Urban,1866.1487862000001
1156,1,7,658.86,No,Yes,Flat,35701.06,1,Rural,1602.5298500999997
1157,3,7,764.33,No,Yes,Flat,31872.19,2,Rural,1711.2690438
1158,3,2,1005.38,Yes,Yes,Flat,33346.93,1,Urban,2263.8818382
1159,1,3,968.28,No,Yes,Not Flat,32258.4,2,Urban,2445.1765689
1160,2,3,800.96,No,Yes,Not Flat,30971.97,2,Rural,1366.0428141
1161,2,3,564.17,Yes,Yes,Flat,16354.79,0,Urban,1830.2546028000002
1162,1,5,752.39,No,Yes,Flat,35560.75,1,Urban,1768.3324794
1163,2,4,771.59,No,Yes,Flat,25489.96,1,Urban,1805.3130858
1164,2,4,1069.32,No,Yes,Not Flat,12435.65,1,Urban,2060.2914051000002
1165,3,5,836.5,No,Yes,Flat,28629.77,2,Urban,2586.6527175
1166,3,5,934.82,No,Yes,Not Flat,24210.55,0,Urban,1781.3071581
1167,2,3,760.75,No,Yes,Not Flat,32129.77,3,Rural,1636.8258039000002
1168,1,7,665.07,No,Yes,Not Flat,42115.1,1,Urban,1728.8591769
1169,1,4,704.72,No,No,Not Flat,20191.55,1,Urban,1502.4632898
1170,4,-1,1058.32,Yes,No,Not Flat,17182.76,4,Rural,1796.8145514000003
1171,2,4,883.45,No,No,Not Flat,22813.35,2,Rural,1117.3313274000002
1172,1,6,626.75,No,Yes,Not Flat,31028.6,3,Rural,1373.3309913
1173,2,5,635.28,No,Yes,Not Flat,32315.58,1,Urban,1702.0315131
1174,1,5,574.3,No,Yes,Not Flat,11962.93,0,Urban,1287.7915371
1175,1,3,813.06,Yes,Yes,Flat,31780.33,2,Urban,2726.524641
1176,2,7,911.98,No,Yes,Not Flat,26336.01,2,Urban,2384.5317047999997
1177,2,4,880.15,No,Yes,Not Flat,22242.58,2,Urban,1850.6475060000002
1178,2,7,931.86,No,Yes,Not Flat,24697.02,0,Urban,1725.5905056000001
1179,2,6,809.69,No,Yes,Not Flat,18617.69,1,Rural,934.2483894000001
1180,2,3,786.46,No,Yes,Not Flat,31008.24,3,Rural,1402.435809
1181,-1,8,801.48,Yes,Yes,Not Flat,22003.44,2,Urban,2880.9392592
1182,1,4,748.04,Yes,Yes,Flat,16081.34,0,Rural,1146.1891863
1183,1,5,670.5,Yes,No,Flat,-1013.85,2,Rural,1585.9591136999998
1184,2,6,548.96,No,Yes,Not Flat,31400.35,2,Rural,1457.2159488
1185,2,5,569.94,No,No,Flat,19983.43,1,Urban,1688.8655036999999
1186,2,3,731.05,No,Yes,Flat,21571.95,1,Rural,1438.667586
1187,1,4,1035.94,Yes,Yes,Not Flat,38030.46,1,Urban,2465.0866563
1188,1,1,799.66,No,No,Not Flat,21299.68,1,Rural,831.5495897999999
1189,2,5,843.85,No,Yes,Not Flat,19607.07,0,Rural,920.9882964000001
1190,2,6,928.7,No,Yes,Flat,31689.0,1,Urban,2378.4485652
1191,2,9,856.5,No,Yes,Not Flat,18043.09,1,Urban,1618.9145559
1192,1,5,767.79,No,Yes,Not Flat,28953.16,0,Rural,550.3509702
1193,2,7,996.66,Yes,Yes,Not Flat,30070.15,0,Urban,1856.2535381999999
1194,4,8,795.46,Yes,No,Not Flat,26405.81,1,Urban,2307.3217403999997
1195,4,9,678.47,No,No,Not Flat,30465.27,2,Urban,2120.6978085
1196,2,8,861.31,Yes,Yes,Not Flat,24174.71,1,Rural,1920.5539497
1197,3,5,819.68,Yes,No,Not Flat,10547.98,0,Urban,1758.3991722
1198,0,3,766.53,No,Yes,Flat,25372.96,1,Rural,901.3199514
1199,4,2,834.13,Yes,Yes,Not Flat,32820.26,0,Rural,1359.2877306
1200,3,0,618.91,Yes,Yes,Not Flat,19943.2,0,Urban,2127.2232681
1201,1,4,942.95,No,No,Not Flat,23348.8,1,Urban,1952.7459069000001
1202,1,6,1002.71,No,Yes,Flat,26478.15,2,Rural,1262.5098008999998
1203,2,8,834.85,No,Yes,Flat,16956.43,0,Rural,908.681742
1204,2,7,868.06,Yes,No,Not Flat,26477.51,0,Urban,1655.3634180000001
1205,1,5,684.37,Yes,No,Flat,33920.09,0,Urban,1712.5297875
1206,1,4,691.12,Yes,Yes,Not Flat,47090.5,0,Urban,2094.198885
1207,4,4,801.12,No,Yes,Not Flat,11182.68,2,Urban,1819.1824665
1208,2,7,825.89,No,Yes,Not Flat,35389.76,0,Urban,1605.2056026
1209,0,5,606.3,Yes,Yes,Flat,23623.36,1,Rural,1676.2279143
1210,2,7,1046.44,No,Yes,Flat,28452.41,1,Urban,1891.8936048
1211,1,3,550.83,No,Yes,Not Flat,27439.6,2,Urban,1759.4215386
1212,2,2,670.35,No,Yes,Flat,16868.7,2,Urban,2007.1236207000002
1213,2,3,800.93,Yes,Yes,Flat,26743.0,0,Urban,2239.554384
1214,2,6,881.87,Yes,Yes,Not Flat,8927.86,0,Urban,2160.3279954
1215,3,5,772.83,No,Yes,Flat,31214.57,0,Urban,1974.7892502
1216,1,3,730.49,No,No,Not Flat,29719.32,1,Urban,1648.6361190000002
1217,0,4,844.57,Yes,Yes,Not Flat,26500.91,1,Urban,2642.4702474
1218,4,2,737.62,Yes,Yes,Flat,35443.13,3,Urban,3056.4216239999996
1219,2,6,643.98,No,No,Flat,20385.97,0,Urban,1372.5721862999999
1220,1,5,587.1,No,No,Flat,12899.98,1,Urban,1593.8558262000001
1221,3,9,681.31,No,No,Flat,36553.92,1,Rural,1090.181172
1222,0,4,857.96,No,Yes,Not Flat,13955.21,0,Rural,900.4850391
1223,3,6,792.56,No,Yes,Not Flat,23087.74,2,Urban,2438.5282827
1224,1,3,938.51,Yes,Yes,Not Flat,17284.03,2,Rural,1485.3073953
1225,3,6,865.67,No,Yes,Flat,35757.27,0,Rural,1180.8675888
1226,3,5,1087.35,No,Yes,Not Flat,38651.2,1,Urban,1987.6357746
1227,3,8,669.97,No,Yes,Not Flat,22952.21,1,Urban,1660.3391463000003
1228,1,5,635.28,No,Yes,Flat,21549.44,1,Rural,1445.7765915
1229,1,4,608.51,No,Yes,Not Flat,34811.43,2,Urban,2330.9046906
1230,2,9,937.63,No,Yes,Flat,10770.83,2,Urban,2508.2275101
1231,2,5,904.92,Yes,Yes,Not Flat,5801.91,0,Urban,2132.0291616
1232,1,7,788.73,No,Yes,Flat,15850.7,0,Urban,2030.7759792000002
1233,2,1,939.97,No,No,Flat,27136.17,1,Rural,1161.9698919
1234,1,6,895.91,No,No,Not Flat,18822.41,1,Rural,666.6742892999999
1235,2,4,690.85,Yes,Yes,Flat,10227.04,0,Urban,2441.9676897
1236,1,5,888.32,No,Yes,Flat,36802.71,1,Urban,1809.3688806
1237,2,4,549.95,No,Yes,Not Flat,34362.91,1,Urban,1817.8785014999999
1238,0,5,1046.68,Yes,No,Flat,21197.44,1,Urban,2405.1546482999997
1239,4,4,869.29,No,Yes,Not Flat,7682.1,1,Urban,1602.4440359999999
1240,3,3,927.71,No,Yes,Flat,28285.37,0,Urban,1744.1275212
1241,2,3,1102.5,No,Yes,Flat,20783.2,1,Rural,1227.3722361
1242,1,5,1031.06,Yes,Yes,Not Flat,38350.58,3,Urban,3199.783275
1243,3,3,769.77,No,Yes,Not Flat,15884.25,2,Rural,1610.4576125999997
1244,1,5,658.94,No,Yes,Flat,28110.64,2,Urban,2456.4603380999997
1245,3,4,660.55,No,Yes,Flat,43636.94,0,Urban,1849.2369852
1246,2,7,664.49,Yes,Yes,Not Flat,33094.49,1,Rural,1770.2453805
1247,1,6,701.3,No,Yes,Not Flat,37684.67,0,Rural,752.7939552
1248,2,5,963.07,No,Yes,Not Flat,44918.46,2,Rural,1482.0567243
1249,3,5,993.23,No,Yes,Not Flat,31536.8,1,Urban,2256.0281247000003
1250,2,7,974.28,Yes,No,Flat,9282.02,0,Urban,1892.6858226
1251,2,3,731.11,No,Yes,Flat,20693.18,0,Rural,735.6730224
1252,4,1,862.33,No,Yes,Not Flat,20098.58,1,Rural,818.5950791999999
1253,1,2,708.64,Yes,Yes,Not Flat,34663.71,1,Rural,1686.1664747999998
1254,1,5,612.54,No,No,Flat,20217.23,2,Rural,1326.3505632000001
1255,1,7,840.81,No,No,Not Flat,30684.89,0,Rural,679.3669278
1256,1,2,680.57,Yes,Yes,Flat,4884.15,0,Urban,1853.4942578999999
1257,2,8,790.51,Yes,Yes,Not Flat,24854.53,1,Urban,2716.2848985
1258,0,6,979.89,Yes,Yes,Not Flat,14522.36,3,Urban,2743.8485274
1259,2,4,972.95,No,Yes,Flat,34625.01,3,Urban,2487.8740577999997
1260,3,2,676.98,No,Yes,Not Flat,22900.94,2,Urban,2134.696248
1261,2,3,581.22,No,Yes,Not Flat,29023.85,1,Urban,1718.1265433999997
1262,3,5,1166.71,Yes,Yes,Flat,13738.55,1,Urban,2780.1914559
1263,2,2,924.17,No,Yes,Not Flat,16058.13,0,Rural,839.2315182
1264,2,4,996.35,Yes,Yes,Flat,37360.13,1,Rural,1713.6542433
1265,3,6,1097.89,No,Yes,Flat,22277.67,2,Urban,2127.9294414
1266,2,6,548.8,No,Yes,Not Flat,27080.23,2,Rural,1631.8062552000001
1267,3,7,981.26,No,Yes,Flat,-526.54,3,Urban,2350.5767355000003
1268,0,4,904.53,Yes,Yes,Flat,56531.08,0,Rural,1749.7194525
1269,2,4,835.05,Yes,Yes,Flat,-90.52,0,Urban,2383.842
1270,3,6,786.93,No,Yes,Flat,17196.35,0,Urban,1706.0358207
1271,0,4,1185.36,No,Yes,Flat,28864.24,0,Urban,1986.4181847
1272,2,4,534.15,Yes,Yes,Not Flat,24618.26,1,Urban,2047.2271896
1273,2,6,700.94,Yes,Yes,Not Flat,18591.7,0,Urban,2037.4443144000002
1274,2,6,662.82,No,Yes,Flat,20919.1,2,Urban,1969.3727006999998
1275,2,7,860.15,No,Yes,Not Flat,39465.64,2,Rural,1527.0874764
1276,4,7,709.59,No,Yes,Flat,18900.25,1,Rural,1052.4339731999999
1277,0,9,843.85,No,No,Flat,22729.18,1,Urban,1731.7668198
1278,1,6,948.47,No,Yes,Not Flat,25758.26,2,Rural,1422.5284653
1279,2,6,750.79,No,Yes,Flat,22787.4,3,Urban,2664.6290922
1280,3,3,571.3,No,Yes,Not Flat,27899.3,0,Rural,884.0871525
1281,3,5,942.5,Yes,No,Flat,15292.0,0,Rural,1202.1790005
1282,2,1,560.7,Yes,Yes,Not Flat,26586.82,1,Rural,1370.587653
1283,1,6,701.89,No,Yes,Flat,32896.78,0,Rural,1098.0371049
1284,3,5,1074.9,No,No,Flat,26420.49,1,Rural,927.9240755999999
1285,1,7,892.85,No,Yes,Flat,15912.6,1,Rural,1121.6188413
1286,1,8,848.04,No,Yes,Flat,18347.8,1,Urban,2089.8935565
1287,2,4,749.44,No,Yes,Flat,21510.21,2,Rural,1449.3220466999999
1288,3,7,754.59,Yes,Yes,Not Flat,30996.0,1,Rural,1568.5344536999999
1289,1,4,821.37,No,No,Flat,14991.02,0,Urban,1390.5969924
1290,3,7,916.95,No,Yes,Flat,19975.74,2,Urban,2348.2024059
1291,2,6,898.26,Yes,Yes,Flat,15825.46,0,Rural,1573.6150188
1292,2,5,593.12,Yes,Yes,Flat,25339.76,1,Urban,2342.8578975
1293,3,2,752.36,No,Yes,Flat,9371.77,3,Rural,1827.2249454000003
1294,1,3,757.73,Yes,Yes,Not Flat,22432.58,2,Urban,2746.4083632
1295,4,8,635.78,No,Yes,Flat,24609.66,0,Rural,1297.0021065
1296,3,6,676.79,No,No,Flat,21962.35,1,Urban,1749.8671566
1297,3,7,827.01,No,Yes,Flat,26537.74,0,Rural,1296.8020716
1298,2,7,606.43,Yes,Yes,Not Flat,16225.94,2,Urban,2551.3868094
1299,0,1,557.07,Yes,Yes,Flat,7525.82,1,Urban,2400.3238302
1300,1,4,942.08,No,Yes,Flat,27218.13,1,Urban,1848.2834807999998
1301,1,6,833.6,No,Yes,Not Flat,28663.06,0,Urban,1643.7949458
1302,2,8,813.67,Yes,Yes,Flat,15648.87,2,Rural,1865.0956323
1303,2,6,361.13,No,No,Flat,28218.63,1,Rural,1325.6217876
1304,2,5,711.94,No,Yes,Flat,19210.78,1,Rural,1255.5247548
1305,1,7,696.3,No,Yes,Not Flat,30768.18,1,Urban,1597.4483781
1306,2,6,599.88,No,Yes,Flat,24223.48,0,Urban,1482.4227951
1307,1,7,661.46,No,Yes,Flat,31908.08,1,Rural,1332.8108940000002
1308,3,6,704.81,No,Yes,Not Flat,20227.31,0,Rural,568.305168
1309,2,4,828.85,No,Yes,Not Flat,-1048.77,2,Rural,1147.8866931
1310,2,7,915.66,No,Yes,Not Flat,8824.44,0,Urban,1310.2643604
1311,0,4,906.78,No,Yes,Not Flat,24609.42,2,Urban,2381.2062723
1312,3,4,916.19,Yes,Yes,Not Flat,19258.73,2,Urban,2915.0454296999997
1313,3,8,631.54,No,Yes,Flat,12107.02,1,Urban,2268.2616906000003
1314,1,4,802.95,No,Yes,Not Flat,47110.28,1,Rural,1230.9199785
1315,2,1,597.39,Yes,Yes,Not Flat,20184.42,1,Urban,2307.1729836
1316,3,9,744.67,Yes,Yes,Flat,26095.19,1,Urban,2365.3610988
1317,0,2,840.99,Yes,Yes,Flat,26297.68,2,Rural,1991.5054175999999
1318,1,6,1066.39,Yes,No,Flat,47483.47,1,Urban,2246.4271755
1319,3,5,820.39,No,Yes,Flat,9501.99,2,Urban,2361.7631825999997
1320,3,7,824.91,Yes,No,Not Flat,20618.16,3,Urban,2793.0427176000003
1321,0,2,702.84,No,No,Flat,23958.43,0,Urban,1425.0763241999998
1322,2,2,653.43,Yes,No,Flat,25127.72,1,Urban,2307.0655254
1323,2,5,663.28,No,Yes,Flat,32704.18,1,Urban,1951.3998738
1324,0,5,780.22,No,Yes,Flat,14164.11,2,Urban,2455.0888344
1325,2,6,911.58,Yes,No,Flat,36316.9,1,Rural,1425.2332188
1326,2,5,244.4,Yes,No,Flat,39823.7,2,Urban,2576.0150631
1327,2,5,674.53,No,Yes,Not Flat,16451.23,0,Rural,490.0943142
1328,3,5,1019.52,Yes,Yes,Flat,21532.89,1,Urban,2281.5729125999997
1329,1,1,515.34,No,Yes,Flat,11753.98,0,Urban,1380.3318252
1330,1,5,584.85,No,No,Not Flat,2108.61,0,Urban,1322.4373494000001
1331,4,7,900.39,Yes,Yes,Not Flat,22294.67,1,Urban,2650.8354507
1332,4,6,829.15,Yes,Yes,Not Flat,18777.36,2,Urban,2499.5686491
1333,2,4,814.28,No,Yes,Not Flat,34929.14,1,Rural,1256.3497437
1334,1,8,895.34,Yes,Yes,Not Flat,36314.02,1,Rural,1598.1648045000002
1335,2,6,911.72,Yes,Yes,Flat,24762.94,0,Urban,2537.9092668
1336,4,7,770.68,Yes,No,Not Flat,24871.18,0,Urban,2142.6290550000003
1337,1,3,824.05,No,Yes,Not Flat,38321.36,3,Urban,2352.3778137
1338,5,3,750.58,No,No,Not Flat,13397.44,0,Urban,1318.7730129000001
1339,1,9,835.59,No,Yes,Not Flat,44083.19,0,Urban,1740.3783105
1340,1,2,791.78,Yes,Yes,Not Flat,27267.91,2,Urban,2647.8603891000002
1341,3,5,879.29,Yes,Yes,Not Flat,24582.51,3,Rural,2246.6676144000003
1342,0,4,1116.41,No,Yes,Flat,19658.51,3,Rural,1756.7313282
1343,2,3,698.84,No,No,Not Flat,26577.03,1,Urban,1326.678753
1344,2,5,842.02,No,Yes,Flat,36015.54,2,Urban,2513.4317688
1345,2,6,787.1,No,Yes,Flat,29109.56,4,Rural,2410.5101879999997
1346,4,3,720.31,Yes,No,Flat,22691.55,2,Urban,2547.8557083
1347,3,5,773.66,Yes,No,Flat,35807.59,0,Urban,2311.6153254
1348,2,2,1075.89,No,No,Flat,16451.71,0,Rural,1073.3533821
1349,2,4,772.33,No,No,Not Flat,31731.94,2,Urban,1594.831389
1350,2,5,662.58,No,Yes,Flat,22932.87,1,Urban,2349.1629903000003
1351,1,8,843.47,Yes,Yes,Flat,33015.78,0,Urban,2311.7272764
1352,3,6,551.32,No,Yes,Not Flat,40545.49,1,Rural,1113.7098429
1353,1,5,831.82,Yes,Yes,Flat,28563.2,0,Rural,1415.6791418999999
1354,1,4,870.57,No,Yes,Not Flat,10237.39,1,Urban,1548.1395381
1355,2,7,786.06,No,Yes,Not Flat,35869.9,2,Urban,1968.9174192
1356,2,9,759.64,Yes,Yes,Flat,19296.1,1,Rural,1907.7483680999999
1357,2,6,520.46,No,Yes,Not Flat,38685.23,3,Urban,2634.7599501
1358,2,7,811.63,No,Yes,Flat,47453.09,2,Urban,2100.6562461
1359,2,5,974.83,Yes,Yes,Not Flat,18894.52,2,Urban,2928.9376236000003
1360,1,5,836.06,Yes,No,Not Flat,24032.65,0,Rural,759.3231753
1361,1,5,812.24,Yes,Yes,Flat,19179.15,0,Urban,2387.1483209999997
1362,1,8,1055.17,Yes,Yes,Not Flat,15189.3,1,Rural,1622.4573027
1363,3,11,555.62,No,No,Flat,52765.1,0,Urban,1443.9246981000001
1364,2,10,1064.73,No,Yes,Flat,27339.04,1,Rural,1367.3460489
1365,2,5,771.82,No,Yes,Flat,26668.29,2,Urban,2637.7514250000004
1366,1,6,801.99,No,Yes,Flat,22542.9,1,Rural,977.7320658000001
1367,3,6,730.36,No,Yes,Flat,19302.3,1,Urban,2232.7728699
1368,2,6,753.22,Yes,Yes,Not Flat,15696.01,0,Urban,1801.8253992
1369,1,4,877.23,No,Yes,Flat,33337.88,1,Urban,2103.0860316
1370,4,5,762.6,No,No,Flat,12326.43,0,Rural,1012.8607236
1371,2,5,778.5,No,Yes,Not Flat,26252.68,2,Rural,1478.6509793999999
1372,3,7,725.84,No,Yes,Flat,18666.0,2,Rural,1492.5427743
1373,2,1,661.54,Yes,Yes,Flat,40260.49,0,Urban,2241.4378994999997
1374,2,4,504.24,No,Yes,Not Flat,25193.6,1,Rural,794.7707163
1375,2,4,825.94,Yes,No,Flat,27846.65,2,Rural,1477.7853813000002
1376,1,3,634.29,Yes,Yes,Not Flat,38155.18,0,Urban,1838.8169004000001
1377,2,2,736.14,Yes,Yes,Flat,36618.88,0,Rural,1550.1343305
1378,3,1,851.93,No,No,Not Flat,16419.26,1,Urban,1701.1220555999998
1379,1,7,528.29,Yes,Yes,Flat,34288.53,0,Urban,2290.8172272
1380,2,4,586.48,No,Yes,Flat,28153.0,0,Urban,1862.1722708999998
1381,0,6,620.29,Yes,No,Not Flat,31055.69,1,Urban,2243.925249
1382,1,8,957.95,No,Yes,Not Flat,34888.0,2,Urban,2386.4842314
1383,2,5,583.22,Yes,Yes,Not Flat,19597.04,1,Rural,1829.4575751000002
1384,3,7,729.7,Yes,Yes,Not Flat,29004.38,0,Urban,2006.8096749000001
1385,2,10,606.2,Yes,Yes,Flat,31577.13,1,Rural,1620.4386027
1386,3,7,601.03,No,Yes,Flat,23941.9,1,Urban,2127.2960795999998
1387,1,7,935.01,No,Yes,Flat,27243.07,2,Rural,1797.107211
1388,2,8,652.2,Yes,No,Not Flat,10756.64,3,Rural,1590.9452133
1389,3,4,743.58,No,Yes,Flat,17822.06,0,Urban,1511.8236615
1390,1,6,889.06,No,Yes,Flat,-1576.44,1,Rural,926.5178811
1391,4,6,681.32,Yes,Yes,Not Flat,13481.07,1,Urban,2625.9990513000002
1392,0,6,949.59,No,No,Not Flat,5200.62,3,Rural,1527.3809658
1393,2,7,509.38,No,Yes,Not Flat,46025.99,0,Urban,1964.807643
1394,2,6,888.47,Yes,Yes,Not Flat,27854.32,2,Rural,1776.0208847999997
1395,2,9,747.74,No,Yes,Not Flat,21937.54,2,Rural,1117.3871838
1396,2,7,770.67,No,Yes,Not Flat,19771.94,3,Urban,2183.097792
1397,3,5,634.83,Yes,Yes,Flat,16128.76,3,Rural,2321.2143519
1398,2,8,605.21,No,No,Flat,34695.89,2,Urban,2042.8672665
1399,3,4,695.24,No,Yes,Not Flat,26862.82,0,Urban,1795.5660039000002
1400,1,2,694.55,No,Yes,Flat,8498.6,1,Urban,2249.1196493999996
1401,3,5,798.92,Yes,Yes,Flat,20900.09,2,Urban,2532.6294603
1402,1,5,595.7,Yes,No,Not Flat,18885.43,1,Urban,2115.7842299999998
1403,2,7,957.28,Yes,Yes,Not Flat,18063.68,0,Rural,1070.9470413000001
1404,3,5,845.62,Yes,No,Flat,28938.08,1,Rural,1392.7857411
1405,4,8,765.55,No,Yes,Flat,17127.48,0,Urban,1992.0624470999999
1406,2,3,1063.48,No,Yes,Not Flat,20030.28,1,Urban,1976.89464
1407,1,6,950.08,No,Yes,Flat,19782.36,2,Rural,1595.239056
1408,1,4,733.47,No,Yes,Not Flat,29943.51,2,Urban,1848.7248174000001
1409,1,5,889.54,No,Yes,Flat,8708.73,2,Rural,1165.7457479999998
1410,2,6,931.66,Yes,No,Flat,22386.93,1,Rural,1854.0303942
1411,1,9,879.67,No,Yes,Not Flat,34346.14,1,Rural,988.7248833
1412,1,2,768.1,No,No,Not Flat,14810.27,2,Urban,1974.3202892999998
1413,3,6,891.78,Yes,Yes,Not Flat,32648.4,1,Rural,1519.2499272
1414,2,5,742.32,Yes,Yes,Flat,30714.7,1,Urban,2713.9984028999997
1415,1,1,965.07,No,Yes,Flat,25904.59,2,Rural,1189.9816446
1416,0,6,686.45,Yes,Yes,Not Flat,46078.72,1,Rural,1935.6509373
1417,1,5,961.91,Yes,Yes,Not Flat,27755.02,0,Rural,1387.2425397000002
1418,2,5,1069.87,Yes,Yes,Flat,25057.67,0,Urban,2244.9521712
1419,3,8,867.34,Yes,Yes,Flat,28403.65,1,Rural,1624.1845902
1420,3,5,686.58,No,Yes,Not Flat,44804.64,0,Rural,633.7118526
1421,2,4,1015.45,No,Yes,Not Flat,24516.2,1,Urban,1705.9331622
1422,1,2,669.69,Yes,Yes,Flat,24973.46,0,Rural,1081.6244904
1423,2,3,626.42,Yes,Yes,Flat,19085.43,0,Urban,2152.3771179
1424,1,3,1072.0,Yes,Yes,Flat,10174.71,0,Urban,2432.1091656
1425,2,4,865.04,Yes,Yes,Flat,18391.27,0,Urban,2061.8831043
1426,1,4,688.98,No,Yes,Flat,36571.26,2,Urban,2489.8670616
1427,1,5,785.52,No,Yes,Flat,17110.12,0,Urban,1860.5557119
1428,2,0,797.67,Yes,Yes,Flat,19047.93,2,Rural,2214.3862017
1429,4,4,846.15,No,Yes,Not Flat,35945.14,0,Urban,1450.7241339
1430,2,4,773.2,No,Yes,Not Flat,34162.2,1,Urban,2049.0944322
1431,2,9,998.93,No,Yes,Flat,34392.57,0,Urban,1702.7672667
1432,4,5,868.58,No,Yes,Not Flat,6788.84,2,Rural,1157.5137639
1433,2,7,751.99,No,Yes,Flat,13348.51,1,Rural,1070.6285178
1434,2,2,666.58,Yes,Yes,Flat,27716.53,1,Rural,1591.0737345
1435,2,5,901.61,Yes,Yes,Flat,30061.2,1,Urban,2762.5662702
1436,2,4,902.76,No,Yes,Not Flat,14608.19,1,Urban,1768.2265959000001
1437,2,2,796.83,No,No,Flat,13898.86,0,Urban,1789.4080218
1438,3,5,642.72,No,Yes,Not Flat,25405.56,0,Rural,533.9744952000001
1439,2,4,832.37,No,Yes,Flat,6343.89,2,Rural,1588.5331598999999
1440,2,5,988.29,Yes,Yes,Flat,41764.78,2,Urban,3160.164996
1441,1,6,682.29,Yes,Yes,Flat,23078.73,0,Rural,1494.2862734999999
1442,2,4,838.84,Yes,Yes,Flat,38464.04,3,Urban,3067.806633
1443,1,5,890.73,No,Yes,Flat,30770.24,3,Urban,2417.0194263
1444,2,2,752.77,No,Yes,Flat,21188.82,0,Rural,958.3016408999999
1445,3,4,748.97,No,No,Not Flat,31973.67,2,Urban,1737.7128033
1446,1,9,572.76,Yes,Yes,Flat,35408.69,3,Urban,2976.9633546
1447,2,4,936.44,Yes,Yes,Not Flat,6757.32,3,Urban,3007.147518
1448,2,5,943.71,No,No,Not Flat,26873.88,2,Rural,860.0546993999999
1449,0,5,868.52,No,Yes,Flat,17440.95,0,Rural,686.8540506
1450,2,4,885.58,No,No,Not Flat,34893.47,1,Rural,859.5525024
1451,1,3,519.84,No,Yes,Flat,20211.03,0,Rural,939.9774737999999
1452,2,3,958.46,No,Yes,Flat,28827.97,2,Urban,2637.0675957
1453,1,6,699.62,Yes,Yes,Flat,31778.47,0,Urban,2054.4029958
1454,3,6,709.33,No,Yes,Not Flat,18368.07,0,Rural,1073.9739038999999
1455,2,1,835.9,No,Yes,Flat,24741.96,0,Rural,1046.7574593
1456,0,5,669.56,No,No,Flat,29937.32,1,Rural,1252.4691273
1457,1,7,1090.44,No,No,Not Flat,32838.33,1,Urban,2060.6788509000003
1458,1,8,535.6,Yes,Yes,Flat,30021.33,0,Rural,1749.3473016000003
1459,3,7,771.06,Yes,Yes,Flat,19482.65,0,Rural,1426.2819141
1460,2,4,1147.92,No,Yes,Not Flat,17006.08,1,Urban,1778.3742644999998
1461,2,7,938.86,Yes,Yes,Not Flat,16126.88,2,Urban,2857.1195232
1462,2,5,947.73,No,Yes,Not Flat,31293.59,1,Rural,1110.2196768
1463,3,6,848.71,No,Yes,Not Flat,12959.34,0,Urban,1304.1552486
1464,3,6,958.96,No,Yes,Not Flat,19078.68,2,Urban,1924.2384513
1465,2,4,687.94,No,Yes,Flat,24203.05,1,Rural,1201.6384872
1466,3,5,811.93,No,Yes,Flat,38603.17,0,Rural,882.2713613999999
1467,1,3,988.94,No,Yes,Flat,15642.66,1,Urban,1760.7983015999998
1468,2,3,703.79,No,Yes,Not Flat,42236.78,0,Urban,1312.1595413999999
1469,4,3,534.57,Yes,Yes,Flat,23102.74,2,Rural,2112.2959275
1470,3,4,878.4,No,Yes,Not Flat,25774.32,1,Urban,1806.3945405
1471,1,2,795.15,No,Yes,Flat,26411.26,1,Urban,2256.858411
1472,3,6,693.03,Yes,Yes,Flat,28093.23,2,Urban,2802.233196
1473,2,1,984.8,No,Yes,Not Flat,24249.31,2,Urban,2062.3803804
1474,0,5,591.87,No,Yes,Flat,20541.51,1,Urban,1797.9906852
1475,0,6,803.83,No,Yes,Not Flat,25585.89,2,Urban,1818.8722850999998
1476,4,5,627.4,Yes,Yes,Flat,23288.42,1,Urban,2216.8005476999997
1477,4,5,695.95,Yes,Yes,Flat,19703.61,2,Urban,2885.2257522
1478,0,3,698.83,No,No,Not Flat,13817.63,0,Rural,292.63245144
1479,2,4,1106.99,No,Yes,Not Flat,10691.95,1,Urban,1763.7657233999998
1480,1,5,702.04,No,No,Not Flat,31462.81,1,Urban,1459.8779307
1481,3,6,695.68,No,No,Flat,24977.27,0,Rural,527.6618853
1482,-1,5,806.5,Yes,Yes,Not Flat,10799.59,0,Rural,1350.7583925
1483,2,4,1111.85,Yes,Yes,Flat,30600.54,1,Urban,2556.1311891
1484,1,3,966.98,Yes,Yes,Not Flat,13996.33,0,Rural,1545.6298865999997
1485,3,7,696.91,No,No,Flat,14380.37,1,Rural,1179.8862720000002
1486,3,3,720.13,Yes,No,Flat,49294.85,2,Rural,2122.7978862
1487,1,5,793.79,Yes,Yes,Not Flat,26738.67,1,Urban,2622.9338013
1488,2,2,830.26,No,Yes,Not Flat,16432.02,1,Urban,1834.4573154
1489,5,5,1016.56,No,Yes,Not Flat,31100.16,1,Urban,1920.6112355999999
1490,3,5,775.72,No,Yes,Not Flat,18999.34,3,Urban,2255.2124991
1491,1,2,977.21,Yes,Yes,Flat,20664.1,0,Urban,1999.9161501
1492,3,1,642.96,No,Yes,Flat,13626.5,0,Urban,1980.5260412999999
1493,2,6,792.67,Yes,No,Not Flat,46841.59,1,Urban,1911.3464030999999
1494,3,3,723.66,Yes,Yes,Not Flat,8771.54,2,Urban,2576.9702691
1495,2,5,690.67,Yes,Yes,Flat,39842.83,1,Urban,2614.3584747
1496,1,5,903.23,Yes,Yes,Not Flat,20150.28,1,Urban,2297.3945397
1497,3,8,684.81,Yes,Yes,Not Flat,24404.43,1,Rural,1825.1426751
1498,2,3,1004.21,No,No,Not Flat,13647.46,0,Rural,500.9812332
1499,0,2,795.29,Yes,Yes,Not Flat,36365.17,2,Rural,2015.6478164999999
1500,3,3,835.89,Yes,Yes,Flat,14067.73,2,Rural,2005.5551351999998
1501,3,3,786.47,No,No,Not Flat,15641.6,1,Urban,1425.0234792
1502,3,1,714.14,Yes,Yes,Not Flat,13262.51,0,Urban,1850.6795078999999
1503,3,7,699.63,Yes,Yes,Not Flat,16616.36,2,Urban,2684.2138083
1504,3,7,1130.5,No,Yes,Not Flat,32998.19,1,Rural,1271.4632343
1505,1,5,929.73,Yes,Yes,Flat,44518.73,0,Rural,1507.8279204
1506,1,9,834.03,Yes,No,Flat,24583.35,1,Urban,2462.1681906
1507,2,6,674.74,Yes,Yes,Not Flat,36430.8,1,Rural,1460.9146977
1508,2,6,733.45,No,No,Flat,20701.74,1,Urban,2142.5958798
1509,0,1,974.21,No,Yes,Flat,32363.36,1,Rural,1342.2542256
1510,3,4,941.85,Yes,Yes,Flat,27887.61,2,Rural,1974.9617205
1511,3,5,732.97,No,Yes,Flat,27439.77,1,Urban,1958.6720157
1512,1,4,663.37,No,Yes,Not Flat,19092.23,1,Rural,1180.5853803
1513,0,4,699.81,No,No,Flat,22303.66,1,Urban,2064.091473
1514,2,2,1136.0,Yes,No,Not Flat,22178.75,1,Rural,1652.4063645
1515,4,4,1041.18,No,Yes,Not Flat,20060.1,0,Urban,1384.615515
1516,3,5,773.02,No,No,Flat,31408.38,2,Rural,1136.104869
1517,3,5,1084.52,Yes,Yes,Not Flat,1587.7,1,Rural,1368.7706136
1518,1,5,790.71,No,Yes,Flat,37050.82,0,Rural,1090.0165209000002
1519,4,4,516.43,Yes,Yes,Not Flat,20372.66,1,Rural,1402.1780763
1520,3,6,1057.52,Yes,Yes,Not Flat,16420.09,1,Rural,1577.1665957999999
1521,2,2,760.93,No,Yes,Not Flat,17974.11,1,Urban,1750.3142405999997
1522,2,8,807.56,Yes,Yes,Not Flat,22984.61,0,Urban,2132.3351829
1523,2,3,1034.6,No,Yes,Not Flat,28074.6,0,Urban,1393.7903064
1524,2,5,861.43,No,No,Flat,28405.85,0,Urban,1495.8500754000002
1525,1,5,900.45,Yes,No,Not Flat,15115.43,1,Urban,2105.2923267
1526,0,6,737.19,No,Yes,Flat,17451.85,3,Urban,2586.2325948000002
1527,2,4,854.11,No,Yes,Not Flat,25119.88,1,Urban,1669.1215317
1528,1,3,786.13,No,Yes,Not Flat,28819.69,1,Urban,1579.3775142
1529,2,5,547.37,Yes,Yes,Flat,16397.97,1,Rural,1958.5830009000001
1530,2,3,752.63,No,Yes,Flat,16120.11,2,Rural,1571.6723972999998
1531,2,4,699.42,No,Yes,Not Flat,24008.13,0,Urban,1418.1793427999999
1532,1,4,705.27,No,No,Flat,32894.0,1,Urban,1965.2523654000001
1533,2,5,924.54,No,Yes,Not Flat,15145.56,2,Rural,1376.4498048
1534,2,6,862.53,No,Yes,Flat,36313.84,1,Rural,1291.8884388000001
1535,2,7,687.45,No,Yes,Flat,19574.41,0,Urban,1676.2568723999998
1536,0,5,928.69,No,Yes,Not Flat,26182.2,0,Urban,1874.0768558999998
1537,2,8,1018.86,Yes,Yes,Flat,13611.22,2,Urban,2885.0279817
1538,3,7,786.75,No,Yes,Flat,41083.05,1,Urban,2120.0440749
1539,1,2,924.05,Yes,No,Flat,11499.93,1,Rural,1620.2284368
1540,3,5,579.46,Yes,Yes,Not Flat,37876.75,0,Urban,2048.2648113
1541,3,5,831.08,No,Yes,Not Flat,10099.02,1,Rural,1285.6539750000002
1542,2,4,717.39,Yes,Yes,Flat,19565.61,1,Rural,1419.6207180000001
1543,3,4,640.71,Yes,Yes,Not Flat,41718.43,1,Rural,1718.704932
1544,4,6,691.92,Yes,No,Flat,7902.71,1,Urban,2237.351244
1545,1,4,893.34,No,No,Flat,37558.92,1,Rural,1302.9375291000001
1546,1,7,904.79,Yes,Yes,Not Flat,29416.5,0,Urban,2381.0699148000003
1547,1,5,699.25,Yes,Yes,Not Flat,28249.71,2,Urban,2823.8565642
1548,3,7,643.43,Yes,Yes,Not Flat,12380.29,0,Urban,2247.5595294
1549,2,9,1113.99,Yes,Yes,Not Flat,28093.77,2,Rural,1827.8638217999999
1550,1,5,735.06,No,Yes,Not Flat,29839.01,0,Rural,1070.9955501
1551,1,3,808.19,No,Yes,Not Flat,28898.87,0,Urban,1526.7772836
1552,1,4,755.02,No,Yes,Flat,34067.78,2,Urban,2090.7962481
1553,0,2,764.65,Yes,Yes,Not Flat,11027.89,1,Urban,2517.4016688
1554,1,5,571.11,No,Yes,Flat,29918.34,2,Rural,1683.7372464
1555,1,6,986.3,No,Yes,Flat,28032.2,0,Rural,1304.6619381
1556,2,5,726.25,Yes,Yes,Not Flat,29213.75,0,Urban,2373.2407821
1557,0,9,856.15,No,Yes,Not Flat,26546.13,1,Urban,1665.9808329000002
1558,3,8,698.03,No,No,Not Flat,28833.16,0,Urban,1619.2170816
1559,1,5,846.64,Yes,Yes,Flat,13971.01,2,Urban,2887.4278212
1560,3,4,679.48,No,Yes,Not Flat,42422.59,2,Urban,2327.2576239
1561,3,1,767.12,Yes,Yes,Not Flat,24635.02,1,Rural,1533.5743052999999
1562,3,5,650.6,No,Yes,Not Flat,23861.79,0,Urban,1629.1869354
1563,3,5,758.62,No,Yes,Not Flat,28484.97,1,Rural,846.2191731
1564,2,6,849.08,No,Yes,Flat,25230.29,2,Rural,1654.7110659
1565,2,4,784.79,No,Yes,Flat,25128.15,2,Urban,2128.0266291
1566,3,6,733.48,No,Yes,Not Flat,22880.75,1,Rural,869.182464
1567,4,8,607.15,Yes,Yes,Flat,40047.03,1,Urban,2654.0587347
1568,2,7,652.57,No,Yes,Not Flat,25566.98,1,Urban,1980.6236271000002
1569,3,2,695.3,No,Yes,Not Flat,28278.67,0,Urban,1605.1444391999999
1570,1,5,874.65,Yes,Yes,Flat,20070.34,1,Urban,2470.5159909
1571,2,4,717.42,No,No,Not Flat,18993.48,2,Urban,1785.7425807
1572,1,4,778.09,No,Yes,Not Flat,31208.61,1,Urban,2054.7719813999997
1573,2,7,932.1,No,Yes,Flat,24188.14,2,Rural,1497.9898884
1574,1,4,622.28,No,No,Not Flat,27825.25,1,Rural,1034.7838904999999
1575,2,4,755.57,No,Yes,Flat,19598.82,1,Urban,2037.7896021
1576,1,5,869.58,No,Yes,Flat,13976.87,0,Urban,1635.58959
1577,1,4,630.91,No,No,Flat,29720.86,0,Urban,1504.3515435
1578,1,5,761.19,Yes,No,Flat,31943.79,1,Urban,2608.6544676
1579,1,3,886.07,No,Yes,Flat,22982.15,1,Rural,1345.1580978000002
1580,3,7,867.73,No,Yes,Not Flat,23413.83,0,Rural,799.6480724999999
1581,1,4,883.64,Yes,Yes,Flat,39365.49,1,Urban,2315.6958458999998
1582,4,5,870.48,No,Yes,Flat,38274.33,0,Rural,1204.661091
1583,2,5,1024.0,Yes,Yes,Not Flat,23140.23,1,Urban,2396.5246554
1584,2,5,716.73,No,Yes,Flat,51.85,1,Rural,1079.8454922
1585,2,6,578.78,No,Yes,Not Flat,35741.32,2,Urban,2073.825945
1586,1,5,602.68,No,No,Flat,18477.49,1,Rural,1094.9688585
1587,0,6,892.43,Yes,Yes,Flat,21027.82,1,Urban,2182.1057169
1588,3,5,1064.88,Yes,Yes,Flat,20596.74,0,Urban,2301.279333
1589,0,4,963.1,Yes,Yes,Not Flat,20828.59,3,Urban,2960.0925497999997
1590,1,5,824.09,No,Yes,Flat,32799.66,0,Urban,1768.6899327
1591,1,5,1032.83,Yes,Yes,Flat,34453.53,1,Urban,2362.5883008
1592,3,4,675.74,Yes,Yes,Not Flat,21394.01,1,Urban,2607.7629363
1593,1,3,956.4,Yes,Yes,Not Flat,13342.48,2,Rural,1518.1777923
1594,2,9,835.64,No,Yes,Not Flat,19603.28,0,Urban,1464.5658177
1595,1,5,689.15,No,Yes,Flat,30570.0,2,Urban,2523.3444590999998
1596,2,5,875.28,No,Yes,Not Flat,28512.28,2,Urban,2099.459847
1597,3,2,750.75,No,Yes,Flat,17242.08,1,Urban,1776.8142246
1598,3,6,751.4,No,No,Flat,21288.94,2,Urban,2417.4980211
1599,2,2,852.38,No,Yes,Not Flat,25600.11,2,Rural,1187.5647336
1600,1,4,677.17,No,No,Not Flat,22290.57,2,Urban,1717.8693996
1601,3,3,1027.08,No,No,Not Flat,13333.28,1,Rural,654.1390914
1602,2,1,967.37,No,Yes,Not Flat,28745.23,2,Urban,2016.5149785
1603,1,4,688.61,Yes,Yes,Not Flat,4994.76,0,Urban,2291.8950384
1604,3,6,770.58,No,No,Not Flat,11919.18,1,Urban,1856.2661397
1605,0,3,649.56,Yes,Yes,Not Flat,24884.65,0,Urban,1959.0319776
1606,2,4,811.69,No,Yes,Flat,39518.02,2,Rural,1497.4624008
1607,2,4,766.01,Yes,Yes,Flat,16610.41,0,Urban,2189.6314458
1608,4,6,893.72,No,Yes,Flat,24822.96,0,Rural,1129.3560597
1609,2,5,750.74,No,Yes,Not Flat,29119.48,1,Urban,1700.9132979
1610,1,5,841.03,Yes,Yes,Not Flat,28153.11,3,Rural,2397.4636191
1611,2,4,1015.02,No,Yes,Not Flat,37069.58,0,Urban,1662.7974549
1612,2,8,825.89,Yes,Yes,Not Flat,31592.5,0,Urban,2264.187804
1613,2,5,753.92,No,Yes,Flat,13236.41,1,Urban,2062.2661986000003
1614,0,7,703.67,No,Yes,Flat,26051.29,1,Urban,2060.4785693999997
1615,3,8,711.82,No,Yes,Flat,19788.33,1,Urban,2035.2046854
1616,4,3,732.57,No,No,Flat,23679.47,0,Urban,1680.8613603000001
1617,3,2,864.51,No,Yes,Flat,25012.42,0,Urban,1442.4980538
1618,3,4,724.01,No,No,Not Flat,34647.94,1,Urban,1551.4722284999998
1619,3,0,747.69,No,Yes,Flat,26251.25,2,Urban,2274.9402648
1620,4,5,757.58,No,Yes,Not Flat,18735.41,3,Urban,2145.7861332
1621,2,6,669.82,Yes,Yes,Flat,13241.11,1,Urban,2481.1716791999997
1622,2,4,511.18,No,No,Flat,24732.64,0,Urban,1238.9064654
1623,1,5,390.65,Yes,Yes,Flat,21047.34,3,Urban,2952.1163406
1624,3,6,665.16,Yes,Yes,Not Flat,19141.79,1,Urban,2215.2749154
1625,2,7,944.15,No,Yes,Not Flat,49063.95,1,Urban,1832.3329248
1626,1,3,443.63,No,Yes,Flat,20706.53,1,Urban,2146.9268541
1627,1,2,684.1,Yes,Yes,Not Flat,28602.42,1,Rural,1514.1834294
1628,2,8,682.47,No,Yes,Not Flat,28083.17,1,Urban,1609.2483768
1629,3,2,729.58,No,Yes,Flat,24148.75,3,Urban,2805.0253605
1630,2,4,1033.89,No,Yes,Flat,33497.88,1,Urban,2201.8486832999997
1631,1,5,525.89,No,Yes,Not Flat,31088.66,1,Rural,1043.1965616
1632,-1,8,696.99,No,Yes,Flat,13396.89,0,Rural,967.1453177999999
1633,3,3,761.02,No,No,Flat,35086.09,1,Urban,1561.9726887000002
1634,2,7,746.7,No,Yes,Not Flat,16581.48,0,Rural,901.3006362000001
1635,1,6,694.81,No,Yes,Flat,31686.0,2,Rural,1699.9452261000001
1636,2,6,761.41,Yes,No,Flat,34722.1,1,Rural,1253.8937045999999
1637,3,0,724.04,Yes,Yes,Not Flat,30385.25,1,Urban,2414.6673711000003
1638,4,5,545.39,Yes,Yes,Not Flat,20700.19,0,Rural,1059.7998171
1639,4,6,835.63,No,Yes,Not Flat,11469.2,2,Urban,2154.6676908
1640,1,2,1004.55,No,Yes,Flat,18973.76,1,Rural,1083.9416469
1641,3,3,776.97,No,No,Flat,27194.27,2,Urban,1781.0236638
1642,4,9,770.0,No,Yes,Flat,26072.34,0,Urban,1865.7683541
1643,1,4,834.24,No,Yes,Flat,31470.86,1,Urban,2327.7794231999997
1644,0,5,543.82,No,Yes,Not Flat,21678.79,2,Rural,1427.6086506
1645,2,4,863.94,No,Yes,Flat,28760.84,3,Urban,2767.6514916
1646,1,9,1040.6,No,Yes,Flat,27620.24,0,Rural,1339.36737
1647,2,4,989.18,No,No,Flat,12491.63,0,Urban,1815.6285114
1648,3,5,615.59,Yes,No,Flat,27163.95,1,Rural,1513.4634033
1649,1,4,706.03,Yes,Yes,Not Flat,24016.9,2,Rural,1890.5914122
1650,3,8,867.52,Yes,Yes,Flat,20593.2,0,Rural,1751.1691677
1651,4,4,724.42,Yes,Yes,Flat,29061.4,1,Urban,2609.4779079
1652,3,6,771.15,No,Yes,Not Flat,13999.58,2,Rural,1086.448941
1653,1,2,883.09,Yes,Yes,Flat,21622.9,1,Urban,2528.889615
1654,2,6,874.2,No,No,Not Flat,36903.03,1,Rural,1190.6998656
1655,2,7,889.54,Yes,Yes,Not Flat,41049.77,0,Rural,1250.3356683
1656,1,3,644.34,No,Yes,Not Flat,29411.13,1,Rural,1047.9991719
1657,3,6,723.02,No,No,Flat,25843.01,0,Rural,732.0518079000001
1658,3,-1,673.71,No,Yes,Flat,30987.64,0,Urban,1532.0736276
1659,3,7,832.49,No,Yes,Not Flat,10054.41,1,Rural,1100.9583882
1660,1,6,896.52,Yes,Yes,Flat,10853.42,0,Urban,2306.7766854
1661,3,1,773.71,No,No,Flat,16025.37,0,Urban,1215.8583204000001
1662,2,2,872.1,No,Yes,Flat,14693.76,2,Urban,2086.5100086
1663,4,4,751.46,No,Yes,Not Flat,29637.91,2,Urban,2162.7067416
1664,3,3,1118.29,No,Yes,Not Flat,5037.37,1,Urban,1818.0236388
1665,3,3,1007.11,Yes,Yes,Not Flat,16240.07,1,Urban,2338.0498973999997
1666,2,4,680.77,No,Yes,Not Flat,33587.08,1,Urban,1559.703102
1667,1,7,804.29,No,Yes,Not Flat,33096.67,1,Urban,2161.7790819
1668,2,9,996.07,Yes,Yes,Not Flat,23587.13,3,Rural,2234.9739288
1669,2,2,767.13,Yes,Yes,Flat,25828.96,1,Rural,1656.2107674000001
1670,3,5,1189.12,No,Yes,Not Flat,23070.28,0,Urban,1421.4613602
1671,3,8,998.26,No,Yes,Not Flat,13845.18,1,Urban,2152.8402744
1672,2,4,890.88,Yes,Yes,Not Flat,42381.17,1,Rural,1472.5518141
1673,2,3,541.84,No,Yes,Not Flat,1220.02,2,Urban,2245.0327506000003
1674,2,4,871.99,No,No,Flat,34261.62,1,Rural,1192.0791684
1675,1,6,537.8,Yes,No,Flat,14009.7,4,Urban,3251.180673
1676,1,5,813.13,No,Yes,Not Flat,21015.26,2,Urban,1922.7451209
1677,2,7,842.86,No,Yes,Flat,19564.25,1,Urban,1806.3067038
1678,2,3,971.81,Yes,Yes,Flat,34339.53,3,Rural,2465.6481285
1679,0,3,872.07,No,Yes,Not Flat,27389.26,2,Urban,1923.9627314999998
1680,1,6,769.82,No,Yes,Not Flat,32041.19,0,Urban,1672.2110334
1681,3,8,640.76,Yes,Yes,Not Flat,18882.26,0,Urban,2244.9969879
1682,1,6,1129.49,No,Yes,Not Flat,25438.6,3,Urban,2586.2362761
1683,1,6,523.18,No,Yes,Flat,13750.91,0,Urban,1422.0050496
1684,2,5,842.97,No,Yes,Not Flat,16908.09,3,Urban,2419.4787429000003
1685,1,4,605.37,No,No,Not Flat,20308.74,1,Rural,1029.3914544
1686,1,6,889.07,No,Yes,Not Flat,17023.78,0,Rural,921.6968532000001
1687,2,7,1002.39,Yes,Yes,Flat,24347.73,2,Urban,2791.2174591000003
1688,3,10,875.56,No,No,Flat,24743.19,1,Urban,2048.0154285
1689,2,5,633.56,Yes,Yes,Flat,28722.73,0,Rural,1661.2835154000002
1690,1,7,691.1,Yes,Yes,Not Flat,25467.6,1,Urban,2566.5491604
1691,2,5,806.86,No,Yes,Not Flat,25091.68,3,Urban,2401.2506025
1692,1,5,853.32,Yes,Yes,Flat,42468.81,2,Urban,2907.7163664
1693,2,2,700.66,No,Yes,Not Flat,20510.12,0,Urban,1661.1233655
1694,2,4,984.69,No,No,Not Flat,37668.45,0,Urban,1178.5860189
1695,3,6,679.75,Yes,No,Not Flat,14771.53,3,Urban,2661.350373
1696,1,6,865.22,Yes,Yes,Flat,15528.65,0,Rural,1753.4597724
1697,1,4,840.52,No,No,Not Flat,41247.78,2,Urban,1928.3421942
1698,1,4,613.78,No,Yes,Not Flat,27295.77,2,Urban,1913.0376947999998
1699,3,3,905.05,Yes,No,Flat,45935.96,1,Urban,2360.9716002
1700,2,7,1047.0,No,Yes,Flat,3359.25,0,Urban,1689.3608076
1701,1,2,1091.52,No,No,Not Flat,38467.38,2,Urban,1799.7513732000002
1702,1,6,558.97,No,Yes,Flat,26922.51,2,Urban,2601.6341604
1703,1,6,1119.47,No,Yes,Flat,16472.94,1,Urban,2157.4571739
1704,0,2,573.02,No,Yes,Not Flat,26570.86,1,Urban,1623.3242931
1705,0,4,1109.07,No,Yes,Not Flat,27082.45,2,Urban,2339.6599883999997
1706,1,6,849.33,No,No,Flat,21189.48,3,Rural,1461.7552289999999
1707,2,6,799.96,Yes,Yes,Flat,32253.73,1,Urban,2417.9129408999997
1708,3,5,777.46,Yes,Yes,Not Flat,20678.7,1,Rural,1356.6515292000001
1709,2,2,984.38,No,Yes,Not Flat,30375.05,2,Rural,1517.3576172
1710,2,4,888.96,No,Yes,Not Flat,22313.49,0,Urban,1905.1047372000003
1711,1,6,847.09,No,Yes,Flat,30523.26,2,Rural,1578.5939013000002
1712,3,7,579.13,No,Yes,Flat,18816.96,2,Rural,1763.9794998
1713,2,4,768.52,Yes,No,Not Flat,12245.13,0,Urban,1783.6949015999999
1714,1,5,862.96,No,Yes,Flat,30335.85,0,Rural,705.2636658
1715,2,5,648.93,No,Yes,Not Flat,25351.52,1,Urban,2197.6040003999997
1716,3,5,894.94,No,Yes,Flat,44634.72,0,Urban,1908.3891519000001
1717,2,5,961.45,Yes,Yes,Not Flat,13474.32,0,Rural,1282.9721757
1718,3,6,877.3,Yes,Yes,Not Flat,21952.31,2,Urban,2431.8764304
1719,2,1,834.1,No,Yes,Not Flat,20873.18,0,Urban,1286.4788757000001
1720,1,5,680.21,No,Yes,Not Flat,30484.49,0,Urban,1485.5410548
1721,3,6,785.44,Yes,Yes,Not Flat,33992.03,0,Rural,1530.5627802000001
1722,3,6,844.47,No,Yes,Not Flat,18796.71,0,Urban,1351.3108253999999
1723,0,5,715.93,No,Yes,Flat,20897.96,1,Urban,1943.8304583
1724,3,1,741.72,No,No,Not Flat,30486.35,3,Rural,1621.5424089
1725,1,6,1056.3,No,Yes,Not Flat,33057.16,2,Urban,1952.9930348999999
1726,2,2,775.24,Yes,No,Not Flat,34972.12,1,Urban,1905.8964078000001
1727,3,6,681.24,No,Yes,Flat,16854.39,1,Rural,1162.7814795
1728,3,7,944.98,Yes,Yes,Flat,23591.03,1,Urban,2416.3448982
1729,2,4,1128.0,No,Yes,Flat,37439.39,1,Urban,1932.4336023
1730,2,6,809.14,No,Yes,Not Flat,11989.09,1,Urban,1723.8806739000001
1731,2,7,847.06,Yes,Yes,Not Flat,31317.85,1,Rural,1935.5451540000001
1732,2,2,924.05,Yes,No,Not Flat,37.78,0,Urban,2008.4195304
1733,0,4,638.7,No,No,Flat,22741.98,1,Urban,1819.6942205999999
1734,3,3,677.62,Yes,Yes,Not Flat,16189.31,2,Rural,2108.3351277
1735,1,6,789.43,No,Yes,Flat,45243.6,0,Urban,2081.4739412999998
1736,1,6,1113.17,No,Yes,Not Flat,22116.9,2,Rural,1212.2489709000001
1737,2,2,745.55,No,No,Flat,14794.44,0,Urban,1226.5058784
1738,3,4,485.29,Yes,No,Not Flat,25695.76,1,Rural,1340.7377706
1739,2,6,968.84,No,Yes,Flat,9788.09,1,Urban,2305.1102039999996
1740,1,6,866.08,Yes,Yes,Not Flat,12959.37,1,Urban,2344.5717399
1741,3,10,496.23,No,Yes,Not Flat,15633.05,1,Rural,1365.1477212
1742,1,8,666.17,No,Yes,Flat,50110.52,2,Urban,2227.1394453
1743,2,5,503.2,Yes,Yes,Not Flat,21514.42,2,Urban,2707.891392
1744,1,2,845.99,No,Yes,Not Flat,18394.7,0,Urban,1713.1196357999997
1745,2,6,756.78,Yes,No,Not Flat,25382.09,0,Rural,971.8730337000001
1746,2,4,693.64,Yes,Yes,Not Flat,22786.52,1,Urban,2464.3914882
1747,3,6,1005.53,Yes,Yes,Not Flat,28894.24,3,Urban,2751.6446508
1748,3,4,882.3,Yes,Yes,Flat,22055.03,0,Urban,2477.1149330999997
1749,2,3,876.92,No,Yes,Not Flat,35764.37,1,Urban,1744.4561412000003
1750,1,6,701.75,No,Yes,Not Flat,17440.23,0,Rural,867.7128983999999
1751,3,4,784.66,Yes,Yes,Not Flat,22990.62,1,Rural,1240.3595916
1752,2,3,808.05,No,Yes,Flat,11855.19,0,Urban,1510.2843237
1753,2,3,653.71,Yes,Yes,Not Flat,32657.08,0,Rural,1458.2967543
1754,3,1,593.11,Yes,No,Not Flat,36125.38,0,Rural,1236.5495715000002
1755,2,6,503.58,No,Yes,Not Flat,25547.56,3,Rural,1527.5082708
1756,3,10,885.17,Yes,Yes,Not Flat,40972.21,1,Rural,1517.7553116000001
1757,2,4,724.91,No,No,Flat,15450.67,0,Urban,1596.3948303
1758,3,6,510.57,No,Yes,Flat,25751.31,2,Rural,1636.3017543
1759,1,4,739.46,Yes,Yes,Not Flat,37974.81,3,Rural,2356.9383975
1760,2,5,659.68,No,No,Flat,27161.28,1,Urban,1762.7584668
1761,0,4,591.84,No,Yes,Not Flat,26173.34,1,Rural,916.10649
1762,4,7,877.12,No,Yes,Not Flat,38695.89,1,Rural,1028.102823
1763,3,4,854.5,No,Yes,Flat,-1177.42,2,Urban,2083.6075233
1764,2,6,824.3,No,Yes,Not Flat,33636.63,1,Urban,2077.3049808
1765,2,6,862.32,Yes,No,Not Flat,36173.24,1,Urban,2295.0526356
1766,0,7,775.05,Yes,No,Flat,19339.03,1,Rural,1782.6211293
1767,3,5,717.65,Yes,Yes,Not Flat,35729.31,0,Rural,1248.8978576999998
1768,1,-1,803.67,No,Yes,Flat,25087.46,0,Urban,1453.804542
1769,4,3,812.58,No,Yes,Flat,28523.47,0,Urban,1569.5701445999998
1770,2,1,1010.53,Yes,No,Not Flat,22346.64,2,Rural,1701.0990557999999
1771,2,6,657.46,No,No,Not Flat,40556.07,3,Urban,2177.2021233
1772,4,4,813.22,No,Yes,Flat,17441.35,0,Urban,1607.4144423000002
1773,2,4,749.95,No,Yes,Not Flat,48985.24,2,Rural,1423.0272603
1774,1,7,867.51,No,Yes,Not Flat,34397.74,1,Urban,1964.0733357
1775,3,4,603.76,No,No,Flat,27143.19,0,Urban,1312.9639674
1776,2,4,780.69,Yes,Yes,Not Flat,13472.99,2,Urban,2765.027151
1777,1,7,889.51,No,Yes,Flat,42581.85,2,Urban,2313.995055
1778,4,6,956.65,Yes,No,Flat,22290.71,1,Urban,2141.7498818999998
1779,3,3,767.03,No,Yes,Flat,13983.43,0,Urban,2012.6733876
1780,3,6,844.71,Yes,Yes,Flat,31825.02,1,Urban,2454.2733078
1781,1,5,1047.23,No,Yes,Not Flat,22144.56,0,Urban,1524.5379477000001
1782,2,6,665.98,No,No,Not Flat,20282.97,0,Urban,1357.1056158000001
1783,2,8,761.85,No,Yes,Flat,7716.81,3,Urban,2401.0658025
1784,2,4,923.94,No,Yes,Not Flat,35159.91,2,Rural,1465.2109632
1785,3,6,832.32,Yes,Yes,Flat,18419.07,0,Rural,1425.0820368
1786,3,8,946.75,No,Yes,Not Flat,15911.63,1,Urban,2188.5873819
1787,4,6,838.62,No,Yes,Not Flat,31661.56,0,Rural,803.3338547999999
1788,3,4,895.81,No,Yes,Not Flat,21977.73,2,Urban,2390.8691480999996
1789,4,4,996.57,No,No,Not Flat,26294.83,0,Urban,1129.8693786
1790,4,5,657.8,Yes,No,Flat,27780.65,1,Rural,1468.0095231
1791,2,9,990.99,Yes,Yes,Not Flat,22734.82,2,Rural,2071.1740068
1792,2,4,599.81,No,No,Not Flat,13762.18,1,Rural,792.8695307999999
1793,0,8,811.26,No,Yes,Not Flat,20312.57,1,Urban,2225.4446811
1794,1,3,991.18,Yes,Yes,Not Flat,6049.17,0,Rural,1374.729147
1795,2,10,858.17,Yes,No,Not Flat,13232.88,1,Rural,1316.5790283000001
1796,1,9,873.78,No,No,Not Flat,12998.57,0,Rural,786.404802
1797,3,5,801.2,No,No,Flat,37571.74,0,Rural,1036.6453194
1798,2,5,802.11,No,Yes,Not Flat,10244.49,2,Urban,2137.3642221
1799,1,4,663.42,Yes,No,Flat,51774.67,2,Urban,2683.5122834999997
1800,2,6,748.92,No,No,Flat,16826.39,1,Urban,1874.3575382999998
1801,2,4,759.56,No,Yes,Flat,17279.51,1,Urban,2005.2936039
1802,2,5,975.06,No,Yes,Flat,14725.77,0,Rural,1233.6570156
1803,0,10,659.02,No,No,Not Flat,9712.83,0,Urban,1226.2808493
1804,3,5,802.68,No,No,Not Flat,27474.05,1,Urban,1471.9063416
1805,2,5,641.03,No,Yes,Not Flat,24266.75,0,Urban,1510.7179596
1806,3,5,901.75,Yes,No,Not Flat,33231.86,1,Rural,1529.1584016
1807,4,5,599.01,No,No,Not Flat,28939.04,2,Rural,1296.4070508
1808,1,3,878.66,No,Yes,Not Flat,36984.67,0,Rural,819.4380603
1809,0,7,937.42,Yes,No,Flat,17018.37,0,Urban,2119.7606919
1810,3,7,669.21,No,No,Not Flat,7597.14,2,Urban,2162.8234293
1811,2,1,901.34,No,Yes,Not Flat,39718.99,1,Rural,909.7195971
1812,2,6,828.78,No,Yes,Not Flat,16265.12,1,Urban,1840.3044912
1813,1,2,972.73,Yes,No,Flat,28861.85,0,Urban,2042.4333686999998
1814,2,3,693.11,No,Yes,Not Flat,25254.15,2,Rural,1445.8815885
1815,2,6,881.52,No,Yes,Flat,20805.04,1,Urban,1865.8743786
1816,1,4,747.96,No,No,Not Flat,32192.83,1,Rural,627.4725168
1817,1,5,781.8,Yes,Yes,Not Flat,5681.86,0,Rural,989.2549782
1818,1,4,897.21,No,No,Not Flat,32319.97,2,Urban,1652.7987693
1819,1,4,926.78,No,Yes,Flat,33504.17,0,Urban,1849.7827524000002
1820,3,3,901.47,Yes,Yes,Flat,19740.48,1,Urban,2162.1236375999997
1821,2,5,838.58,No,Yes,Flat,25174.6,0,Urban,1929.8362839000001
1822,2,7,801.08,No,Yes,Not Flat,25772.23,3,Urban,2217.8296752
1823,4,3,770.08,No,Yes,Not Flat,22386.58,2,Urban,2142.2477301
1824,1,7,744.79,Yes,No,Flat,21717.13,2,Urban,2221.9627379999997
1825,5,6,862.18,Yes,Yes,Flat,42080.48,0,Urban,2619.9453246000003
1826,2,1,594.97,No,No,Not Flat,19945.75,1,Urban,1296.1694904
1827,2,6,581.92,Yes,Yes,Flat,31671.12,0,Urban,2104.7580468
1828,3,5,828.86,No,Yes,Flat,32097.76,0,Rural,1289.5761923999999
1829,1,4,664.27,No,Yes,Not Flat,37591.87,2,Urban,2281.1545257
1830,3,5,980.25,No,Yes,Flat,9111.69,2,Rural,1326.7359582000001
1831,3,3,733.35,Yes,Yes,Not Flat,23763.85,0,Urban,2142.6749097
1832,1,4,793.23,No,No,Not Flat,32791.1,0,Rural,458.4194982
1833,2,-1,594.82,No,Yes,Not Flat,34875.33,1,Urban,1676.0950656
1834,3,6,882.81,No,Yes,Not Flat,13983.82,1,Urban,1677.3951948
1835,1,5,993.6,No,Yes,Not Flat,18839.05,0,Urban,1473.8033664
1836,4,0,856.25,Yes,No,Not Flat,24394.06,2,Urban,2124.0685659
1837,3,8,947.1,Yes,Yes,Not Flat,33000.41,1,Rural,1576.4737413
1838,1,5,755.23,No,Yes,Not Flat,27605.69,1,Rural,1327.8443706
1839,1,4,952.53,No,Yes,Flat,21533.11,1,Urban,1801.8914424
1840,0,3,906.35,No,Yes,Not Flat,13662.8,2,Rural,1354.2715053000002
1841,2,2,516.37,No,Yes,Not Flat,20040.11,2,Rural,1592.6001267000001
1842,4,3,906.07,Yes,Yes,Not Flat,31143.81,0,Rural,1052.0667294
1843,1,2,828.02,No,Yes,Flat,32351.24,0,Urban,1703.2772862
1844,2,2,1000.18,No,Yes,Flat,19160.32,2,Urban,2494.5959931
1845,3,1,940.05,No,Yes,Flat,24975.39,2,Rural,1764.7599621
1846,3,3,802.81,No,No,Not Flat,25520.17,2,Urban,1623.1235417999999
1847,3,0,1175.71,Yes,Yes,Flat,40163.85,0,Urban,2551.8522768000003
1848,3,3,918.63,No,Yes,Flat,16998.43,3,Rural,1548.4115207999998
1849,1,5,587.69,No,Yes,Not Flat,20956.92,1,Rural,1083.0905226
1850,2,4,949.02,Yes,Yes,Flat,15645.13,2,Urban,2725.2335150999997
1851,3,5,912.62,Yes,Yes,Not Flat,19487.56,2,Urban,2844.3732411
1852,1,5,567.83,Yes,Yes,Not Flat,34357.78,1,Rural,1248.2589519
1853,3,5,852.77,Yes,No,Not Flat,42164.38,1,Rural,1285.6016229
1854,3,5,808.27,No,Yes,Flat,42973.79,3,Urban,2617.0532859
1855,2,5,630.08,Yes,Yes,Not Flat,22784.23,0,Urban,1827.6851951999997
1856,2,5,1113.18,No,Yes,Flat,27659.79,3,Rural,1803.9709835999997
1857,3,5,785.79,Yes,Yes,Flat,33916.8,0,Urban,2074.4880678
1858,1,2,854.04,Yes,Yes,Flat,8560.56,0,Rural,1161.6077322
1859,1,5,667.43,No,Yes,Not Flat,16639.28,1,Urban,1955.5457222999999
1860,0,7,478.33,No,Yes,Flat,19062.14,0,Urban,1507.0871118
1861,2,5,701.43,Yes,Yes,Flat,12857.82,0,Rural,1100.9268603
1862,2,5,1000.44,No,Yes,Not Flat,28649.43,1,Rural,857.1158198999999
1863,3,4,887.57,No,Yes,Not Flat,23856.6,0,Urban,1805.3395236
1864,2,6,637.27,No,No,Not Flat,28094.45,0,Urban,1457.8063563
1865,3,4,733.62,No,Yes,Flat,30381.49,2,Urban,2247.4149189
1866,3,5,761.19,No,No,Flat,33356.46,2,Rural,1612.7812562999998
1867,2,7,840.13,No,Yes,Flat,35397.42,2,Urban,2283.7927245
1868,2,5,739.0,Yes,No,Flat,23731.51,0,Rural,1104.7830669
1869,2,6,488.35,No,No,Flat,12436.41,1,Urban,1740.7684737
1870,0,3,1024.82,No,Yes,Flat,28876.67,1,Urban,1841.3107266
1871,2,6,965.2,No,Yes,Not Flat,33363.39,1,Urban,2237.4292896
1872,0,5,968.65,Yes,Yes,Flat,47904.37,3,Urban,3284.286435
1873,3,6,838.25,No,Yes,Flat,22592.39,0,Urban,1953.7517109
1874,1,3,610.17,No,Yes,Not Flat,28660.04,1,Urban,1589.257701
1875,3,7,532.29,No,Yes,Flat,20281.78,0,Rural,1018.3985184
1876,1,6,984.05,Yes,No,Flat,9627.81,1,Rural,1696.4622663
1877,3,4,873.78,No,Yes,Flat,5565.5,0,Rural,899.9767101
1878,2,4,777.78,No,Yes,Not Flat,25425.08,2,Urban,2039.0011931999998
1879,2,6,705.26,Yes,Yes,Not Flat,22377.23,2,Urban,2413.3807695
1880,3,3,647.53,No,Yes,Flat,33074.14,3,Rural,1581.8253267
1881,2,3,952.8,No,Yes,Flat,39609.7,2,Urban,2568.6942903
1882,1,6,622.23,Yes,Yes,Not Flat,27623.69,0,Urban,2042.5886114999998
1883,1,7,970.66,No,Yes,Flat,26338.22,3,Urban,2406.493149
1884,0,6,918.08,No,Yes,Not Flat,19449.26,0,Rural,677.4891699
1885,1,1,808.88,Yes,No,Not Flat,19741.17,2,Urban,2441.2283631
1886,2,4,755.45,No,No,Flat,31312.08,2,Rural,1594.9694531999999
1887,2,8,626.27,No,Yes,Not Flat,4577.68,3,Rural,1599.7815914999999
1888,2,5,563.0,No,No,Not Flat,34857.7,1,Urban,1504.6776201
1889,0,6,817.24,Yes,Yes,Not Flat,23889.94,2,Urban,2739.3970074
1890,1,6,896.96,No,Yes,Flat,11184.97,1,Urban,2124.1767935999997
1891,3,7,874.27,No,Yes,Not Flat,31211.12,0,Urban,1927.4947481999998
1892,2,6,1034.24,Yes,Yes,Flat,7775.47,1,Urban,2471.2701339
1893,1,5,898.03,Yes,Yes,Not Flat,11325.19,3,Urban,3091.5778739999996
1894,1,6,880.51,Yes,Yes,Flat,32511.01,2,Urban,2963.5612911
1895,1,4,905.65,No,Yes,Not Flat,56355.95,2,Rural,1730.9948586
1896,3,5,646.24,Yes,Yes,Flat,19332.0,3,Rural,2548.2818733000004
1897,3,7,673.25,No,No,Not Flat,20910.94,2,Urban,1859.6043516
1898,1,6,702.43,Yes,No,Not Flat,24957.63,2,Urban,2623.9654221
1899,2,5,778.53,No,Yes,Not Flat,28011.26,0,Urban,1415.0578406999998
1900,3,2,603.58,No,Yes,Not Flat,28243.32,0,Rural,673.7757528
1901,3,1,1077.31,No,Yes,Flat,8382.92,1,Urban,1949.1255771
1902,0,5,868.31,Yes,No,Not Flat,31608.86,0,Rural,815.0741967000001
1903,2,9,746.65,No,Yes,Flat,23299.5,2,Urban,2462.5278939
1904,0,6,925.72,No,Yes,Not Flat,30721.85,0,Rural,1044.4233129
1905,2,9,674.48,Yes,Yes,Flat,27319.21,2,Urban,2717.6195016
1906,2,6,905.64,Yes,Yes,Not Flat,28407.03,0,Urban,1923.7214145
1907,0,5,999.06,No,Yes,Not Flat,30210.45,1,Urban,2198.7264791999996
1908,3,4,854.33,No,Yes,Not Flat,18918.92,3,Urban,2362.3352907
1909,2,5,813.5,No,Yes,Not Flat,33164.3,1,Urban,1789.6179009000002
1910,3,4,505.88,No,No,Flat,24826.06,3,Rural,1862.4132972
1911,2,4,761.86,No,Yes,Flat,7353.41,0,Rural,1094.8506573
1912,2,2,767.74,Yes,Yes,Not Flat,17477.31,3,Rural,2148.0937080000003
1913,2,1,752.08,Yes,Yes,Not Flat,30477.09,1,Rural,1639.5230493
1914,2,7,1025.06,Yes,No,Flat,17823.67,1,Rural,1827.3104166000003
1915,3,6,753.75,Yes,Yes,Flat,11728.32,4,Urban,3308.9823269999997
1916,1,5,861.68,Yes,Yes,Not Flat,35897.48,1,Rural,1632.6727056
1917,1,3,811.09,No,Yes,Flat,36398.05,1,Rural,1568.5065470999998
1918,2,6,901.94,Yes,Yes,Flat,33624.6,2,Rural,2064.4763922
1919,2,9,983.6,Yes,Yes,Not Flat,26546.3,2,Rural,1794.4243499999998
1920,0,7,926.45,Yes,No,Flat,27785.45,2,Urban,2322.1518381
1921,2,3,513.97,Yes,No,Not Flat,24447.93,2,Rural,1446.9145664999999
1922,2,6,742.55,Yes,Yes,Flat,25114.88,1,Rural,1799.7828882
1923,3,6,767.65,No,Yes,Not Flat,35282.36,2,Rural,1572.9049149000002
1924,3,5,711.94,No,Yes,Not Flat,18470.96,1,Urban,2150.7066099
1925,3,6,847.1,Yes,Yes,Not Flat,32952.39,0,Urban,2079.475935
1926,3,5,698.63,No,Yes,Flat,26337.36,1,Urban,2193.6209988
1927,4,4,729.31,No,Yes,Flat,10395.27,0,Rural,917.9987073
1928,1,5,1023.66,No,Yes,Not Flat,12826.64,1,Urban,2164.6480887
1929,1,3,802.89,Yes,Yes,Not Flat,21307.33,1,Urban,2297.637414
1930,1,8,841.62,Yes,Yes,Not Flat,23764.01,2,Rural,1811.3501330999998
1931,2,5,879.25,No,No,Flat,12596.85,0,Rural,818.3741637
1932,2,5,367.73,No,No,Not Flat,14814.95,0,Rural,263.5555491
1933,2,3,457.71,No,Yes,Not Flat,10398.38,2,Rural,1370.3874468000001
1934,3,4,1025.59,No,Yes,Flat,41559.87,0,Rural,817.7225196
1935,2,2,639.22,No,Yes,Not Flat,29826.67,1,Urban,1680.2820425999998
1936,3,5,912.02,Yes,Yes,Not Flat,33736.56,0,Rural,1059.0733503000001
1937,3,6,1112.99,No,Yes,Flat,15430.48,0,Rural,1339.679634
1938,0,10,1019.64,No,Yes,Not Flat,6031.98,2,Urban,2459.0691975
1939,2,0,708.78,No,Yes,Flat,24223.22,2,Urban,2079.2342961000004
1940,2,4,841.29,Yes,Yes,Not Flat,6165.27,2,Rural,1640.2050309
1941,2,4,758.89,Yes,Yes,Not Flat,12919.84,1,Rural,1728.6463248
1942,1,5,668.13,Yes,Yes,Not Flat,15481.44,1,Urban,1975.1375169000003
1943,4,5,470.52,No,Yes,Not Flat,22726.77,2,Urban,2013.3916143
1944,2,4,953.72,No,Yes,Not Flat,27690.35,1,Urban,1667.0342354999998
1945,3,0,772.57,Yes,Yes,Flat,12317.68,0,Urban,2448.9713967000002
1946,2,6,780.34,No,Yes,Flat,41016.55,1,Rural,1235.7339867
1947,3,8,1024.32,No,Yes,Not Flat,29350.88,2,Urban,2280.2249118
1948,1,4,1025.35,Yes,Yes,Flat,12059.17,1,Rural,2026.3085646
1949,0,5,795.34,Yes,Yes,Not Flat,22724.75,2,Rural,2034.7619516999998
1950,2,5,945.22,Yes,Yes,Flat,13217.15,2,Urban,2445.5063259
1951,1,4,912.46,Yes,Yes,Not Flat,26579.64,2,Urban,2928.5145696
1952,2,7,697.37,No,Yes,Flat,18812.34,1,Urban,1904.5378896000002
1953,2,8,983.43,No,No,Flat,22657.68,4,Rural,1587.3659475
1954,2,2,819.78,Yes,Yes,Not Flat,21991.53,0,Urban,1910.6532879
1955,2,5,678.51,No,Yes,Flat,14150.45,1,Rural,1186.2099996000002
1956,2,3,527.7,No,Yes,Not Flat,43204.74,1,Urban,1725.0112122
1957,2,9,863.06,Yes,Yes,Flat,22622.14,1,Urban,2438.9484903000002
1958,3,5,692.49,Yes,Yes,Flat,39477.18,1,Rural,2070.3079035
1959,2,5,670.01,Yes,Yes,Flat,36959.48,1,Rural,1617.091695
1960,3,7,710.0,Yes,Yes,Flat,19662.06,0,Rural,1643.5737564
1961,2,5,954.01,No,No,Flat,27990.39,0,Rural,810.7778829000001
1962,2,6,631.54,No,Yes,Flat,32046.17,2,Urban,2464.7154471
1963,2,6,783.75,Yes,Yes,Flat,8970.35,0,Urban,2304.1372668
1964,0,7,602.31,No,No,Flat,9072.79,1,Rural,1255.3329897
1965,3,0,1060.11,No,Yes,Flat,33817.84,1,Urban,1968.505314
1966,2,2,762.18,Yes,Yes,Not Flat,35141.26,2,Urban,2358.9537093
1967,3,8,824.74,Yes,Yes,Flat,23400.22,1,Rural,2047.2847023000002
1968,3,4,615.35,No,Yes,Not Flat,33954.6,2,Urban,2177.9109405
1969,2,6,996.64,No,No,Not Flat,21220.11,0,Urban,1485.4610129999999
1970,2,3,903.62,Yes,Yes,Flat,38243.86,0,Urban,2380.0269336
1971,2,5,686.9,Yes,Yes,Not Flat,29489.46,2,Urban,2812.8634389
1972,2,4,976.34,No,No,Not Flat,3507.86,1,Urban,1433.2844364
1973,2,7,729.12,No,Yes,Not Flat,29066.2,0,Urban,1965.6454896
1974,3,3,829.61,No,Yes,Not Flat,29728.82,1,Urban,1704.2763093
1975,1,8,909.63,Yes,Yes,Flat,10084.09,1,Urban,2560.3280088
1976,2,8,748.83,No,No,Not Flat,12819.36,2,Rural,988.3659737999999
1977,2,2,1025.77,No,Yes,Flat,24293.56,2,Rural,1430.0490321
1978,4,7,1049.08,Yes,Yes,Not Flat,33978.15,0,Urban,2388.3961911
1979,2,7,818.59,Yes,No,Not Flat,32710.94,0,Urban,1626.389772
1980,1,7,998.02,Yes,Yes,Not Flat,11903.62,2,Urban,2443.0881597
1981,0,5,787.6,No,Yes,Not Flat,26472.36,2,Urban,1977.2106621000003
1982,3,4,671.4,No,Yes,Flat,30461.42,0,Rural,940.3860582
1983,2,4,925.83,No,Yes,Not Flat,36063.58,2,Rural,1424.0856897
1984,2,4,721.09,No,Yes,Not Flat,37586.7,1,Rural,1434.3113874
1985,3,5,621.65,No,Yes,Not Flat,36867.11,1,Urban,2064.4564089
1986,3,5,904.32,No,Yes,Flat,22728.0,1,Rural,1614.3096329999998
1987,2,3,734.66,No,Yes,Not Flat,15053.63,1,Urban,1553.9271741
1988,1,5,652.64,Yes,Yes,Flat,35364.15,1,Urban,2352.6987297
1989,3,4,944.11,Yes,Yes,Not Flat,33446.94,1,Urban,2695.7382768
1990,1,6,678.34,No,No,Flat,39175.03,0,Urban,1846.4458677
1991,2,7,666.42,No,Yes,Flat,13412.74,0,Rural,997.6782530999999
1992,1,4,602.24,Yes,Yes,Not Flat,43077.89,1,Urban,2164.8469221
1993,3,4,872.51,No,Yes,Flat,13887.45,0,Urban,1487.5328571
1994,2,6,816.3,No,Yes,Flat,39795.94,1,Rural,1585.3563207
1995,3,0,991.31,No,Yes,Not Flat,12687.26,1,Urban,1967.6103336
1996,2,5,847.97,No,Yes,Not Flat,39502.92,0,Rural,1063.4180796
1997,2,4,660.94,Yes,No,Not Flat,10145.17,0,Urban,1705.9816485000001
1998,1,1,814.75,No,Yes,Flat,15535.05,0,Urban,1960.2699408
1999,1,6,835.43,No,No,Not Flat,22204.0,0,Urban,1613.4030138000003
